environment,budget,alert_limit,policy,candidate,split,calibration_feasible,heldout_feasible,harm,containment,benign_cost,disruption,false_alert,benign_collateral,attack_collateral
ideal,0.0,0.34,revoke,t12_l0,test,True,True,17.5,0.0,0.0,0.0,0.0,0.0,0.0
ideal,0.0,0.34,revoke,t12_l0,family_shift,True,False,9.5,0.0,3.5,3.5,0.5,0.0,0.0
ideal,0.0,0.34,deception_silent,,test,False,False,,,,,,,
ideal,0.0,0.34,deception_silent,,family_shift,False,False,,,,,,,
ideal,0.0,0.34,deception,,test,False,False,,,,,,,
ideal,0.0,0.34,deception,,family_shift,False,False,,,,,,,
ideal,0.0,0.34,isolate,t12_l0,test,True,True,4.0,1.0,0.0,0.0,0.0,0.0,0.0
ideal,0.0,0.34,isolate,t12_l0,family_shift,True,False,4.5,1.0,3.5,3.5,0.5,0.0,0.0
ideal,0.0,0.67,revoke,t12_l0,test,True,True,17.5,0.0,0.0,0.0,0.0,0.0,0.0
ideal,0.0,0.67,revoke,t12_l0,family_shift,True,False,9.5,0.0,3.5,3.5,0.5,0.0,0.0
ideal,0.0,0.67,deception_silent,,test,False,False,,,,,,,
ideal,0.0,0.67,deception_silent,,family_shift,False,False,,,,,,,
ideal,0.0,0.67,deception,,test,False,False,,,,,,,
ideal,0.0,0.67,deception,,family_shift,False,False,,,,,,,
ideal,0.0,0.67,isolate,t12_l0,test,True,True,4.0,1.0,0.0,0.0,0.0,0.0,0.0
ideal,0.0,0.67,isolate,t12_l0,family_shift,True,False,4.5,1.0,3.5,3.5,0.5,0.0,0.0
ideal,1.0,0.34,revoke,t12_l0,test,True,True,17.5,0.0,0.0,0.0,0.0,0.0,0.0
ideal,1.0,0.34,revoke,t12_l0,family_shift,True,False,9.5,0.0,3.5,3.5,0.5,0.0,0.0
ideal,1.0,0.34,deception_silent,,test,False,False,,,,,,,
ideal,1.0,0.34,deception_silent,,family_shift,False,False,,,,,,,
ideal,1.0,0.34,deception,,test,False,False,,,,,,,
ideal,1.0,0.34,deception,,family_shift,False,False,,,,,,,
ideal,1.0,0.34,isolate,t8_l0,test,True,True,3.0,1.0,0.6666666666666666,0.6666666666666666,0.3333333333333333,0.0,0.0
ideal,1.0,0.34,isolate,t8_l0,family_shift,True,False,3.5,1.0,9.5,9.5,1.0,0.0,0.0
ideal,1.0,0.67,revoke,t12_l0,test,True,True,17.5,0.0,0.0,0.0,0.0,0.0,0.0
ideal,1.0,0.67,revoke,t12_l0,family_shift,True,False,9.5,0.0,3.5,3.5,0.5,0.0,0.0
ideal,1.0,0.67,deception_silent,,test,False,False,,,,,,,
ideal,1.0,0.67,deception_silent,,family_shift,False,False,,,,,,,
ideal,1.0,0.67,deception,,test,False,False,,,,,,,
ideal,1.0,0.67,deception,,family_shift,False,False,,,,,,,
ideal,1.0,0.67,isolate,t8_l0,test,True,True,3.0,1.0,0.6666666666666666,0.6666666666666666,0.3333333333333333,0.0,0.0
ideal,1.0,0.67,isolate,t8_l0,family_shift,True,False,3.5,1.0,9.5,9.5,1.0,0.0,0.0
ideal,3.0,0.34,revoke,t12_l0,test,True,True,17.5,0.0,0.0,0.0,0.0,0.0,0.0
ideal,3.0,0.34,revoke,t12_l0,family_shift,True,False,9.5,0.0,3.5,3.5,0.5,0.0,0.0
ideal,3.0,0.34,deception_silent,t8_l1,test,True,True,8.15875,0.375,2.955,2.955,0.3333333333333333,0.0,0.0
ideal,3.0,0.34,deception_silent,t8_l1,family_shift,True,False,2.7625,0.4875,10.1975,10.1975,1.0,0.0,0.0
ideal,3.0,0.34,deception,t20_l1,test,True,True,8.40875,0.34375,2.9283333333333332,2.9283333333333332,0.305,0.0,0.0
ideal,3.0,0.34,deception,t20_l1,family_shift,True,False,3.335,0.435,8.2675,8.2675,0.9275,0.0,0.0
ideal,3.0,0.34,isolate,t8_l0,test,True,True,3.0,1.0,0.6666666666666666,0.6666666666666666,0.3333333333333333,0.0,0.0
ideal,3.0,0.34,isolate,t8_l0,family_shift,True,False,3.5,1.0,9.5,9.5,1.0,0.0,0.0
ideal,3.0,0.67,revoke,t12_l0,test,True,True,17.5,0.0,0.0,0.0,0.0,0.0,0.0
ideal,3.0,0.67,revoke,t12_l0,family_shift,True,False,9.5,0.0,3.5,3.5,0.5,0.0,0.0
ideal,3.0,0.67,deception_silent,t8_l1,test,True,True,8.15875,0.375,2.955,2.955,0.3333333333333333,0.0,0.0
ideal,3.0,0.67,deception_silent,t8_l1,family_shift,True,False,2.7625,0.4875,10.1975,10.1975,1.0,0.0,0.0
ideal,3.0,0.67,deception,t20_l1,test,True,True,8.40875,0.34375,2.9283333333333332,2.9283333333333332,0.305,0.0,0.0
ideal,3.0,0.67,deception,t20_l1,family_shift,True,False,3.335,0.435,8.2675,8.2675,0.9275,0.0,0.0
ideal,3.0,0.67,isolate,t8_l0,test,True,True,3.0,1.0,0.6666666666666666,0.6666666666666666,0.3333333333333333,0.0,0.0
ideal,3.0,0.67,isolate,t8_l0,family_shift,True,False,3.5,1.0,9.5,9.5,1.0,0.0,0.0
ideal,6.0,0.34,revoke,t12_l0,test,True,True,17.5,0.0,0.0,0.0,0.0,0.0,0.0
ideal,6.0,0.34,revoke,t12_l0,family_shift,True,False,9.5,0.0,3.5,3.5,0.5,0.0,0.0
ideal,6.0,0.34,deception_silent,t8_l0,test,True,True,7.64375,0.47375,3.3066666666666666,3.3066666666666666,0.3333333333333333,0.0,0.0
ideal,6.0,0.34,deception_silent,t8_l0,family_shift,True,False,2.31,0.5975,11.1975,11.1975,1.0,0.0,0.0
ideal,6.0,0.34,deception,t20_l0,test,True,True,7.865,0.41125,3.2516666666666665,3.2516666666666665,0.305,0.0,0.0
ideal,6.0,0.34,deception,t20_l0,family_shift,True,False,2.445,0.545,9.18,9.18,0.9275,0.0,0.0
ideal,6.0,0.34,isolate,t8_l0,test,True,True,3.0,1.0,0.6666666666666666,0.6666666666666666,0.3333333333333333,0.0,0.0
ideal,6.0,0.34,isolate,t8_l0,family_shift,True,False,3.5,1.0,9.5,9.5,1.0,0.0,0.0
ideal,6.0,0.67,revoke,t5_l0,test,True,True,5.5,0.75,5.333333333333333,5.333333333333333,0.6666666666666666,0.0,0.0
ideal,6.0,0.67,revoke,t5_l0,family_shift,True,False,7.5,0.5,14.5,14.5,1.0,0.0,0.0
ideal,6.0,0.67,deception_silent,t5_l1,test,True,True,7.2625,0.55375,5.645,5.645,0.6666666666666666,0.0,0.0
ideal,6.0,0.67,deception_silent,t5_l1,family_shift,True,False,1.675,0.7525,14.4825,14.4825,1.0,0.0,0.0
ideal,6.0,0.67,deception,t12_l0,test,True,True,7.51375,0.47375,5.483333333333333,5.483333333333333,0.57,0.0,0.0
ideal,6.0,0.67,deception,t12_l0,family_shift,True,False,2.2,0.5975,13.6725,13.6725,0.995,0.0,0.0
ideal,6.0,0.67,isolate,t5_l0,test,True,True,2.0,1.0,5.333333333333333,5.333333333333333,0.6666666666666666,0.0,0.0
ideal,6.0,0.67,isolate,t5_l0,family_shift,True,False,2.0,1.0,14.5,14.5,1.0,0.0,0.0
ideal,12.0,0.34,revoke,t12_l0,test,True,True,17.5,0.0,0.0,0.0,0.0,0.0,0.0
ideal,12.0,0.34,revoke,t12_l0,family_shift,True,False,9.5,0.0,3.5,3.5,0.5,0.0,0.0
ideal,12.0,0.34,deception_silent,t8_l0,test,True,True,7.64375,0.47375,3.3066666666666666,3.3066666666666666,0.3333333333333333,0.0,0.0
ideal,12.0,0.34,deception_silent,t8_l0,family_shift,True,False,2.31,0.5975,11.1975,11.1975,1.0,0.0,0.0
ideal,12.0,0.34,deception,t20_l0,test,True,True,7.865,0.41125,3.2516666666666665,3.2516666666666665,0.305,0.0,0.0
ideal,12.0,0.34,deception,t20_l0,family_shift,True,False,2.445,0.545,9.18,9.18,0.9275,0.0,0.0
ideal,12.0,0.34,isolate,t8_l0,test,True,True,3.0,1.0,0.6666666666666666,0.6666666666666666,0.3333333333333333,0.0,0.0
ideal,12.0,0.34,isolate,t8_l0,family_shift,True,False,3.5,1.0,9.5,9.5,1.0,0.0,0.0
ideal,12.0,0.67,revoke,t5_l0,test,True,True,5.5,0.75,5.333333333333333,5.333333333333333,0.6666666666666666,0.0,0.0
ideal,12.0,0.67,revoke,t5_l0,family_shift,True,False,7.5,0.5,14.5,14.5,1.0,0.0,0.0
ideal,12.0,0.67,deception_silent,t5_l0,test,True,True,1.59375,0.885,6.858333333333333,6.858333333333333,0.6666666666666666,0.0,0.0
ideal,12.0,0.67,deception_silent,t5_l0,family_shift,True,False,1.675,0.7525,15.4825,15.4825,1.0,0.0,0.0
ideal,12.0,0.67,deception,t5_l0,test,True,True,1.59375,0.885,8.375,8.375,0.6666666666666666,0.0,0.0
ideal,12.0,0.67,deception,t5_l0,family_shift,True,False,1.675,0.7525,16.9675,16.9675,1.0,0.0,0.0
ideal,12.0,0.67,isolate,t5_l0,test,True,True,2.0,1.0,5.333333333333333,5.333333333333333,0.6666666666666666,0.0,0.0
ideal,12.0,0.67,isolate,t5_l0,family_shift,True,False,2.0,1.0,14.5,14.5,1.0,0.0,0.0
coverage_half,0.0,0.34,revoke,t12_l0,test,True,True,17.5,0.0,0.0,0.0,0.0,0.0,0.0
coverage_half,0.0,0.34,revoke,t12_l0,family_shift,True,False,9.5,0.0,3.5,3.5,0.5,0.0,0.0
coverage_half,0.0,0.34,deception_silent,,test,False,False,,,,,,,
coverage_half,0.0,0.34,deception_silent,,family_shift,False,False,,,,,,,
coverage_half,0.0,0.34,deception,,test,False,False,,,,,,,
coverage_half,0.0,0.34,deception,,family_shift,False,False,,,,,,,
coverage_half,0.0,0.34,isolate,t12_l0,test,True,True,10.94625,0.4975,0.0,0.0,0.0,0.0,0.0
coverage_half,0.0,0.34,isolate,t12_l0,family_shift,True,False,7.2975,0.4625,3.5,3.5,0.5,0.0,0.0
coverage_half,0.0,0.67,revoke,t12_l0,test,True,True,17.5,0.0,0.0,0.0,0.0,0.0,0.0
coverage_half,0.0,0.67,revoke,t12_l0,family_shift,True,False,9.5,0.0,3.5,3.5,0.5,0.0,0.0
coverage_half,0.0,0.67,deception_silent,,test,False,False,,,,,,,
coverage_half,0.0,0.67,deception_silent,,family_shift,False,False,,,,,,,
coverage_half,0.0,0.67,deception,,test,False,False,,,,,,,
coverage_half,0.0,0.67,deception,,family_shift,False,False,,,,,,,
coverage_half,0.0,0.67,isolate,t12_l0,test,True,True,10.94625,0.4975,0.0,0.0,0.0,0.0,0.0
coverage_half,0.0,0.67,isolate,t12_l0,family_shift,True,False,7.2975,0.4625,3.5,3.5,0.5,0.0,0.0
coverage_half,1.0,0.34,revoke,t12_l0,test,True,True,17.5,0.0,0.0,0.0,0.0,0.0,0.0
coverage_half,1.0,0.34,revoke,t12_l0,family_shift,True,False,9.5,0.0,3.5,3.5,0.5,0.0,0.0
coverage_half,1.0,0.34,deception_silent,,test,False,False,,,,,,,
coverage_half,1.0,0.34,deception_silent,,family_shift,False,False,,,,,,,
coverage_half,1.0,0.34,deception,,test,False,False,,,,,,,
coverage_half,1.0,0.34,deception,,family_shift,False,False,,,,,,,
coverage_half,1.0,0.34,isolate,t8_l0,test,True,True,10.44875,0.4975,0.6666666666666666,0.6666666666666666,0.3333333333333333,0.0,0.0
coverage_half,1.0,0.34,isolate,t8_l0,family_shift,True,False,6.835,0.4625,9.5,9.5,1.0,0.0,0.0
coverage_half,1.0,0.67,revoke,t12_l0,test,True,True,17.5,0.0,0.0,0.0,0.0,0.0,0.0
coverage_half,1.0,0.67,revoke,t12_l0,family_shift,True,False,9.5,0.0,3.5,3.5,0.5,0.0,0.0
coverage_half,1.0,0.67,deception_silent,,test,False,False,,,,,,,
coverage_half,1.0,0.67,deception_silent,,family_shift,False,False,,,,,,,
coverage_half,1.0,0.67,deception,,test,False,False,,,,,,,
coverage_half,1.0,0.67,deception,,family_shift,False,False,,,,,,,
coverage_half,1.0,0.67,isolate,t8_l0,test,True,True,10.44875,0.4975,0.6666666666666666,0.6666666666666666,0.3333333333333333,0.0,0.0
coverage_half,1.0,0.67,isolate,t8_l0,family_shift,True,False,6.835,0.4625,9.5,9.5,1.0,0.0,0.0
coverage_half,3.0,0.34,revoke,t12_l0,test,True,True,17.5,0.0,0.0,0.0,0.0,0.0,0.0
coverage_half,3.0,0.34,revoke,t12_l0,family_shift,True,False,9.5,0.0,3.5,3.5,0.5,0.0,0.0
coverage_half,3.0,0.34,deception_silent,t8_l1,test,True,True,8.15875,0.375,2.955,2.955,0.3333333333333333,0.0,0.0
coverage_half,3.0,0.34,deception_silent,t8_l1,family_shift,True,False,2.7625,0.4875,10.1975,10.1975,1.0,0.0,0.0
coverage_half,3.0,0.34,deception,t20_l1,test,True,True,8.40875,0.34375,2.9283333333333332,2.9283333333333332,0.305,0.0,0.0
coverage_half,3.0,0.34,deception,t20_l1,family_shift,True,False,3.335,0.435,8.2675,8.2675,0.9275,0.0,0.0
coverage_half,3.0,0.34,isolate,t8_l0,test,True,True,10.44875,0.4975,0.6666666666666666,0.6666666666666666,0.3333333333333333,0.0,0.0
coverage_half,3.0,0.34,isolate,t8_l0,family_shift,True,False,6.835,0.4625,9.5,9.5,1.0,0.0,0.0
coverage_half,3.0,0.67,revoke,t12_l0,test,True,True,17.5,0.0,0.0,0.0,0.0,0.0,0.0
coverage_half,3.0,0.67,revoke,t12_l0,family_shift,True,False,9.5,0.0,3.5,3.5,0.5,0.0,0.0
coverage_half,3.0,0.67,deception_silent,t8_l1,test,True,True,8.15875,0.375,2.955,2.955,0.3333333333333333,0.0,0.0
coverage_half,3.0,0.67,deception_silent,t8_l1,family_shift,True,False,2.7625,0.4875,10.1975,10.1975,1.0,0.0,0.0
coverage_half,3.0,0.67,deception,t20_l1,test,True,True,8.40875,0.34375,2.9283333333333332,2.9283333333333332,0.305,0.0,0.0
coverage_half,3.0,0.67,deception,t20_l1,family_shift,True,False,3.335,0.435,8.2675,8.2675,0.9275,0.0,0.0
coverage_half,3.0,0.67,isolate,t8_l0,test,True,True,10.44875,0.4975,0.6666666666666666,0.6666666666666666,0.3333333333333333,0.0,0.0
coverage_half,3.0,0.67,isolate,t8_l0,family_shift,True,False,6.835,0.4625,9.5,9.5,1.0,0.0,0.0
coverage_half,6.0,0.34,revoke,t12_l0,test,True,True,17.5,0.0,0.0,0.0,0.0,0.0,0.0
coverage_half,6.0,0.34,revoke,t12_l0,family_shift,True,False,9.5,0.0,3.5,3.5,0.5,0.0,0.0
coverage_half,6.0,0.34,deception_silent,t8_l0,test,True,True,7.64375,0.47375,3.3066666666666666,3.3066666666666666,0.3333333333333333,0.0,0.0
coverage_half,6.0,0.34,deception_silent,t8_l0,family_shift,True,False,2.31,0.5975,11.1975,11.1975,1.0,0.0,0.0
coverage_half,6.0,0.34,deception,t20_l0,test,True,True,7.865,0.41125,3.2516666666666665,3.2516666666666665,0.305,0.0,0.0
coverage_half,6.0,0.34,deception,t20_l0,family_shift,True,False,2.445,0.545,9.18,9.18,0.9275,0.0,0.0
coverage_half,6.0,0.34,isolate,t8_l0,test,True,True,10.44875,0.4975,0.6666666666666666,0.6666666666666666,0.3333333333333333,0.0,0.0
coverage_half,6.0,0.34,isolate,t8_l0,family_shift,True,False,6.835,0.4625,9.5,9.5,1.0,0.0,0.0
coverage_half,6.0,0.67,revoke,t5_l0,test,True,True,5.5,0.75,5.333333333333333,5.333333333333333,0.6666666666666666,0.0,0.0
coverage_half,6.0,0.67,revoke,t5_l0,family_shift,True,False,7.5,0.5,14.5,14.5,1.0,0.0,0.0
coverage_half,6.0,0.67,deception_silent,t5_l1,test,True,True,7.2625,0.55375,5.645,5.645,0.6666666666666666,0.0,0.0
coverage_half,6.0,0.67,deception_silent,t5_l1,family_shift,True,False,1.675,0.7525,14.4825,14.4825,1.0,0.0,0.0
coverage_half,6.0,0.67,deception,t12_l0,test,True,True,7.51375,0.47375,5.483333333333333,5.483333333333333,0.57,0.0,0.0
coverage_half,6.0,0.67,deception,t12_l0,family_shift,True,False,2.2,0.5975,13.6725,13.6725,0.995,0.0,0.0
coverage_half,6.0,0.67,isolate,t5_l0,test,True,True,3.715,0.8775,5.333333333333333,5.333333333333333,0.6666666666666666,0.0,0.0
coverage_half,6.0,0.67,isolate,t5_l0,family_shift,True,False,5.1075,0.7175,14.5,14.5,1.0,0.0,0.0
coverage_half,12.0,0.34,revoke,t12_l0,test,True,True,17.5,0.0,0.0,0.0,0.0,0.0,0.0
coverage_half,12.0,0.34,revoke,t12_l0,family_shift,True,False,9.5,0.0,3.5,3.5,0.5,0.0,0.0
coverage_half,12.0,0.34,deception_silent,t8_l0,test,True,True,7.64375,0.47375,3.3066666666666666,3.3066666666666666,0.3333333333333333,0.0,0.0
coverage_half,12.0,0.34,deception_silent,t8_l0,family_shift,True,False,2.31,0.5975,11.1975,11.1975,1.0,0.0,0.0
coverage_half,12.0,0.34,deception,t20_l0,test,True,True,7.865,0.41125,3.2516666666666665,3.2516666666666665,0.305,0.0,0.0
coverage_half,12.0,0.34,deception,t20_l0,family_shift,True,False,2.445,0.545,9.18,9.18,0.9275,0.0,0.0
coverage_half,12.0,0.34,isolate,t8_l0,test,True,True,10.44875,0.4975,0.6666666666666666,0.6666666666666666,0.3333333333333333,0.0,0.0
coverage_half,12.0,0.34,isolate,t8_l0,family_shift,True,False,6.835,0.4625,9.5,9.5,1.0,0.0,0.0
coverage_half,12.0,0.67,revoke,t5_l0,test,True,True,5.5,0.75,5.333333333333333,5.333333333333333,0.6666666666666666,0.0,0.0
coverage_half,12.0,0.67,revoke,t5_l0,family_shift,True,False,7.5,0.5,14.5,14.5,1.0,0.0,0.0
coverage_half,12.0,0.67,deception_silent,t5_l0,test,True,True,1.59375,0.885,6.858333333333333,6.858333333333333,0.6666666666666666,0.0,0.0
coverage_half,12.0,0.67,deception_silent,t5_l0,family_shift,True,False,1.675,0.7525,15.4825,15.4825,1.0,0.0,0.0
coverage_half,12.0,0.67,deception,t5_l0,test,True,True,1.59375,0.885,8.375,8.375,0.6666666666666666,0.0,0.0
coverage_half,12.0,0.67,deception,t5_l0,family_shift,True,False,1.675,0.7525,16.9675,16.9675,1.0,0.0,0.0
coverage_half,12.0,0.67,isolate,t5_l0,test,True,True,3.715,0.8775,5.333333333333333,5.333333333333333,0.6666666666666666,0.0,0.0
coverage_half,12.0,0.67,isolate,t5_l0,family_shift,True,False,5.1075,0.7175,14.5,14.5,1.0,0.0,0.0
reliability_half,0.0,0.34,revoke,t12_l0,test,True,True,17.5,0.0,0.0,0.0,0.0,0.0,0.0
reliability_half,0.0,0.34,revoke,t12_l0,family_shift,True,False,9.5,0.0,3.5,3.5,0.5,0.0,0.0
reliability_half,0.0,0.34,deception_silent,,test,False,False,,,,,,,
reliability_half,0.0,0.34,deception_silent,,family_shift,False,False,,,,,,,
reliability_half,0.0,0.34,deception,,test,False,False,,,,,,,
reliability_half,0.0,0.34,deception,,family_shift,False,False,,,,,,,
reliability_half,0.0,0.34,isolate,t12_l0,test,True,True,10.65875,0.51625,0.0,0.0,0.0,0.0,0.0
reliability_half,0.0,0.34,isolate,t12_l0,family_shift,True,False,6.7425,0.5175,3.5,3.5,0.5,0.0,0.0
reliability_half,0.0,0.67,revoke,t12_l0,test,True,True,17.5,0.0,0.0,0.0,0.0,0.0,0.0
reliability_half,0.0,0.67,revoke,t12_l0,family_shift,True,False,9.5,0.0,3.5,3.5,0.5,0.0,0.0
reliability_half,0.0,0.67,deception_silent,,test,False,False,,,,,,,
reliability_half,0.0,0.67,deception_silent,,family_shift,False,False,,,,,,,
reliability_half,0.0,0.67,deception,,test,False,False,,,,,,,
reliability_half,0.0,0.67,deception,,family_shift,False,False,,,,,,,
reliability_half,0.0,0.67,isolate,t12_l0,test,True,True,10.65875,0.51625,0.0,0.0,0.0,0.0,0.0
reliability_half,0.0,0.67,isolate,t12_l0,family_shift,True,False,6.7425,0.5175,3.5,3.5,0.5,0.0,0.0
reliability_half,1.0,0.34,revoke,t12_l0,test,True,True,17.5,0.0,0.0,0.0,0.0,0.0,0.0
reliability_half,1.0,0.34,revoke,t12_l0,family_shift,True,False,9.5,0.0,3.5,3.5,0.5,0.0,0.0
reliability_half,1.0,0.34,deception_silent,,test,False,False,,,,,,,
reliability_half,1.0,0.34,deception_silent,,family_shift,False,False,,,,,,,
reliability_half,1.0,0.34,deception,,test,False,False,,,,,,,
reliability_half,1.0,0.34,deception,,family_shift,False,False,,,,,,,
reliability_half,1.0,0.34,isolate,t8_l0,test,True,True,10.1425,0.51625,0.6666666666666666,0.6666666666666666,0.3333333333333333,0.0,0.0
reliability_half,1.0,0.34,isolate,t8_l0,family_shift,True,False,6.225,0.5175,9.5,9.5,1.0,0.0,0.0
reliability_half,1.0,0.67,revoke,t12_l0,test,True,True,17.5,0.0,0.0,0.0,0.0,0.0,0.0
reliability_half,1.0,0.67,revoke,t12_l0,family_shift,True,False,9.5,0.0,3.5,3.5,0.5,0.0,0.0
reliability_half,1.0,0.67,deception_silent,,test,False,False,,,,,,,
reliability_half,1.0,0.67,deception_silent,,family_shift,False,False,,,,,,,
reliability_half,1.0,0.67,deception,,test,False,False,,,,,,,
reliability_half,1.0,0.67,deception,,family_shift,False,False,,,,,,,
reliability_half,1.0,0.67,isolate,t8_l0,test,True,True,10.1425,0.51625,0.6666666666666666,0.6666666666666666,0.3333333333333333,0.0,0.0
reliability_half,1.0,0.67,isolate,t8_l0,family_shift,True,False,6.225,0.5175,9.5,9.5,1.0,0.0,0.0
reliability_half,3.0,0.34,revoke,t12_l0,test,True,True,17.5,0.0,0.0,0.0,0.0,0.0,0.0
reliability_half,3.0,0.34,revoke,t12_l0,family_shift,True,False,9.5,0.0,3.5,3.5,0.5,0.0,0.0
reliability_half,3.0,0.34,deception_silent,t8_l1,test,True,True,8.15875,0.375,2.955,2.955,0.3333333333333333,0.0,0.0
reliability_half,3.0,0.34,deception_silent,t8_l1,family_shift,True,False,2.7625,0.4875,10.1975,10.1975,1.0,0.0,0.0
reliability_half,3.0,0.34,deception,t20_l1,test,True,True,8.40875,0.34375,2.9283333333333332,2.9283333333333332,0.305,0.0,0.0
reliability_half,3.0,0.34,deception,t20_l1,family_shift,True,False,3.335,0.435,8.2675,8.2675,0.9275,0.0,0.0
reliability_half,3.0,0.34,isolate,t8_l0,test,True,True,10.1425,0.51625,0.6666666666666666,0.6666666666666666,0.3333333333333333,0.0,0.0
reliability_half,3.0,0.34,isolate,t8_l0,family_shift,True,False,6.225,0.5175,9.5,9.5,1.0,0.0,0.0
reliability_half,3.0,0.67,revoke,t12_l0,test,True,True,17.5,0.0,0.0,0.0,0.0,0.0,0.0
reliability_half,3.0,0.67,revoke,t12_l0,family_shift,True,False,9.5,0.0,3.5,3.5,0.5,0.0,0.0
reliability_half,3.0,0.67,deception_silent,t8_l1,test,True,True,8.15875,0.375,2.955,2.955,0.3333333333333333,0.0,0.0
reliability_half,3.0,0.67,deception_silent,t8_l1,family_shift,True,False,2.7625,0.4875,10.1975,10.1975,1.0,0.0,0.0
reliability_half,3.0,0.67,deception,t20_l1,test,True,True,8.40875,0.34375,2.9283333333333332,2.9283333333333332,0.305,0.0,0.0
reliability_half,3.0,0.67,deception,t20_l1,family_shift,True,False,3.335,0.435,8.2675,8.2675,0.9275,0.0,0.0
reliability_half,3.0,0.67,isolate,t8_l0,test,True,True,10.1425,0.51625,0.6666666666666666,0.6666666666666666,0.3333333333333333,0.0,0.0
reliability_half,3.0,0.67,isolate,t8_l0,family_shift,True,False,6.225,0.5175,9.5,9.5,1.0,0.0,0.0
reliability_half,6.0,0.34,revoke,t12_l0,test,True,True,17.5,0.0,0.0,0.0,0.0,0.0,0.0
reliability_half,6.0,0.34,revoke,t12_l0,family_shift,True,False,9.5,0.0,3.5,3.5,0.5,0.0,0.0
reliability_half,6.0,0.34,deception_silent,t8_l0,test,True,True,7.64375,0.47375,3.3066666666666666,3.3066666666666666,0.3333333333333333,0.0,0.0
reliability_half,6.0,0.34,deception_silent,t8_l0,family_shift,True,False,2.31,0.5975,11.1975,11.1975,1.0,0.0,0.0
reliability_half,6.0,0.34,deception,t20_l0,test,True,True,7.865,0.41125,3.2516666666666665,3.2516666666666665,0.305,0.0,0.0
reliability_half,6.0,0.34,deception,t20_l0,family_shift,True,False,2.445,0.545,9.18,9.18,0.9275,0.0,0.0
reliability_half,6.0,0.34,isolate,t8_l0,test,True,True,10.1425,0.51625,0.6666666666666666,0.6666666666666666,0.3333333333333333,0.0,0.0
reliability_half,6.0,0.34,isolate,t8_l0,family_shift,True,False,6.225,0.5175,9.5,9.5,1.0,0.0,0.0
reliability_half,6.0,0.67,revoke,t5_l0,test,True,True,5.5,0.75,5.333333333333333,5.333333333333333,0.6666666666666666,0.0,0.0
reliability_half,6.0,0.67,revoke,t5_l0,family_shift,True,False,7.5,0.5,14.5,14.5,1.0,0.0,0.0
reliability_half,6.0,0.67,deception_silent,t5_l1,test,True,True,7.2625,0.55375,5.645,5.645,0.6666666666666666,0.0,0.0
reliability_half,6.0,0.67,deception_silent,t5_l1,family_shift,True,False,1.675,0.7525,14.4825,14.4825,1.0,0.0,0.0
reliability_half,6.0,0.67,deception,t12_l0,test,True,True,7.51375,0.47375,5.483333333333333,5.483333333333333,0.57,0.0,0.0
reliability_half,6.0,0.67,deception,t12_l0,family_shift,True,False,2.2,0.5975,13.6725,13.6725,0.995,0.0,0.0
reliability_half,6.0,0.67,isolate,t5_l0,test,True,True,3.54,0.89,5.333333333333333,5.333333333333333,0.6666666666666666,0.0,0.0
reliability_half,6.0,0.67,isolate,t5_l0,family_shift,True,False,4.42,0.78,14.5,14.5,1.0,0.0,0.0
reliability_half,12.0,0.34,revoke,t12_l0,test,True,True,17.5,0.0,0.0,0.0,0.0,0.0,0.0
reliability_half,12.0,0.34,revoke,t12_l0,family_shift,True,False,9.5,0.0,3.5,3.5,0.5,0.0,0.0
reliability_half,12.0,0.34,deception_silent,t8_l0,test,True,True,7.64375,0.47375,3.3066666666666666,3.3066666666666666,0.3333333333333333,0.0,0.0
reliability_half,12.0,0.34,deception_silent,t8_l0,family_shift,True,False,2.31,0.5975,11.1975,11.1975,1.0,0.0,0.0
reliability_half,12.0,0.34,deception,t20_l0,test,True,True,7.865,0.41125,3.2516666666666665,3.2516666666666665,0.305,0.0,0.0
reliability_half,12.0,0.34,deception,t20_l0,family_shift,True,False,2.445,0.545,9.18,9.18,0.9275,0.0,0.0
reliability_half,12.0,0.34,isolate,t8_l0,test,True,True,10.1425,0.51625,0.6666666666666666,0.6666666666666666,0.3333333333333333,0.0,0.0
reliability_half,12.0,0.34,isolate,t8_l0,family_shift,True,False,6.225,0.5175,9.5,9.5,1.0,0.0,0.0
reliability_half,12.0,0.67,revoke,t5_l0,test,True,True,5.5,0.75,5.333333333333333,5.333333333333333,0.6666666666666666,0.0,0.0
reliability_half,12.0,0.67,revoke,t5_l0,family_shift,True,False,7.5,0.5,14.5,14.5,1.0,0.0,0.0
reliability_half,12.0,0.67,deception_silent,t5_l0,test,True,True,1.59375,0.885,6.858333333333333,6.858333333333333,0.6666666666666666,0.0,0.0
reliability_half,12.0,0.67,deception_silent,t5_l0,family_shift,True,False,1.675,0.7525,15.4825,15.4825,1.0,0.0,0.0
reliability_half,12.0,0.67,deception,t5_l0,test,True,True,1.59375,0.885,8.375,8.375,0.6666666666666666,0.0,0.0
reliability_half,12.0,0.67,deception,t5_l0,family_shift,True,False,1.675,0.7525,16.9675,16.9675,1.0,0.0,0.0
reliability_half,12.0,0.67,isolate,t5_l0,test,True,True,3.54,0.89,5.333333333333333,5.333333333333333,0.6666666666666666,0.0,0.0
reliability_half,12.0,0.67,isolate,t5_l0,family_shift,True,False,4.42,0.78,14.5,14.5,1.0,0.0,0.0
collateral_quarter,0.0,0.34,revoke,t12_l0,test,True,True,17.5,0.0,0.0,0.0,0.0,0.0,0.0
collateral_quarter,0.0,0.34,revoke,t12_l0,family_shift,True,False,9.5,0.0,3.5,3.5,0.5,0.0,0.0
collateral_quarter,0.0,0.34,deception_silent,,test,False,False,,,,,,,
collateral_quarter,0.0,0.34,deception_silent,,family_shift,False,False,,,,,,,
collateral_quarter,0.0,0.34,deception,,test,False,False,,,,,,,
collateral_quarter,0.0,0.34,deception,,family_shift,False,False,,,,,,,
collateral_quarter,0.0,0.34,isolate,t12_l0,test,True,True,4.0,1.0,0.0,0.0,0.0,0.0,4.3125
collateral_quarter,0.0,0.34,isolate,t12_l0,family_shift,True,False,4.5,1.0,4.625,3.5,0.5,1.125,2.875
collateral_quarter,0.0,0.67,revoke,t12_l0,test,True,True,17.5,0.0,0.0,0.0,0.0,0.0,0.0
collateral_quarter,0.0,0.67,revoke,t12_l0,family_shift,True,False,9.5,0.0,3.5,3.5,0.5,0.0,0.0
collateral_quarter,0.0,0.67,deception_silent,,test,False,False,,,,,,,
collateral_quarter,0.0,0.67,deception_silent,,family_shift,False,False,,,,,,,
collateral_quarter,0.0,0.67,deception,,test,False,False,,,,,,,
collateral_quarter,0.0,0.67,deception,,family_shift,False,False,,,,,,,
collateral_quarter,0.0,0.67,isolate,t12_l0,test,True,True,4.0,1.0,0.0,0.0,0.0,0.0,4.3125
collateral_quarter,0.0,0.67,isolate,t12_l0,family_shift,True,False,4.5,1.0,4.625,3.5,0.5,1.125,2.875
collateral_quarter,1.0,0.34,revoke,t12_l0,test,True,True,17.5,0.0,0.0,0.0,0.0,0.0,0.0
collateral_quarter,1.0,0.34,revoke,t12_l0,family_shift,True,False,9.5,0.0,3.5,3.5,0.5,0.0,0.0
collateral_quarter,1.0,0.34,deception_silent,,test,False,False,,,,,,,
collateral_quarter,1.0,0.34,deception_silent,,family_shift,False,False,,,,,,,
collateral_quarter,1.0,0.34,deception,,test,False,False,,,,,,,
collateral_quarter,1.0,0.34,deception,,family_shift,False,False,,,,,,,
collateral_quarter,1.0,0.34,isolate,t8_l0,test,True,True,3.0,1.0,0.9166666666666666,0.6666666666666666,0.3333333333333333,0.25,4.6875
collateral_quarter,1.0,0.34,isolate,t8_l0,family_shift,True,False,3.5,1.0,12.5,9.5,1.0,3.0,3.5
collateral_quarter,1.0,0.67,revoke,t12_l0,test,True,True,17.5,0.0,0.0,0.0,0.0,0.0,0.0
collateral_quarter,1.0,0.67,revoke,t12_l0,family_shift,True,False,9.5,0.0,3.5,3.5,0.5,0.0,0.0
collateral_quarter,1.0,0.67,deception_silent,,test,False,False,,,,,,,
collateral_quarter,1.0,0.67,deception_silent,,family_shift,False,False,,,,,,,
collateral_quarter,1.0,0.67,deception,,test,False,False,,,,,,,
collateral_quarter,1.0,0.67,deception,,family_shift,False,False,,,,,,,
collateral_quarter,1.0,0.67,isolate,t8_l0,test,True,True,3.0,1.0,0.9166666666666666,0.6666666666666666,0.3333333333333333,0.25,4.6875
collateral_quarter,1.0,0.67,isolate,t8_l0,family_shift,True,False,3.5,1.0,12.5,9.5,1.0,3.0,3.5
collateral_quarter,3.0,0.34,revoke,t12_l0,test,True,True,17.5,0.0,0.0,0.0,0.0,0.0,0.0
collateral_quarter,3.0,0.34,revoke,t12_l0,family_shift,True,False,9.5,0.0,3.5,3.5,0.5,0.0,0.0
collateral_quarter,3.0,0.34,deception_silent,t8_l1,test,True,True,8.15875,0.375,2.955,2.955,0.3333333333333333,0.0,0.0
collateral_quarter,3.0,0.34,deception_silent,t8_l1,family_shift,True,False,2.7625,0.4875,10.1975,10.1975,1.0,0.0,0.0
collateral_quarter,3.0,0.34,deception,t20_l1,test,True,True,8.40875,0.34375,2.9283333333333332,2.9283333333333332,0.305,0.0,0.0
collateral_quarter,3.0,0.34,deception,t20_l1,family_shift,True,False,3.335,0.435,8.2675,8.2675,0.9275,0.0,0.0
collateral_quarter,3.0,0.34,isolate,t8_l0,test,True,True,3.0,1.0,0.9166666666666666,0.6666666666666666,0.3333333333333333,0.25,4.6875
collateral_quarter,3.0,0.34,isolate,t8_l0,family_shift,True,False,3.5,1.0,12.5,9.5,1.0,3.0,3.5
collateral_quarter,3.0,0.67,revoke,t12_l0,test,True,True,17.5,0.0,0.0,0.0,0.0,0.0,0.0
collateral_quarter,3.0,0.67,revoke,t12_l0,family_shift,True,False,9.5,0.0,3.5,3.5,0.5,0.0,0.0
collateral_quarter,3.0,0.67,deception_silent,t8_l1,test,True,True,8.15875,0.375,2.955,2.955,0.3333333333333333,0.0,0.0
collateral_quarter,3.0,0.67,deception_silent,t8_l1,family_shift,True,False,2.7625,0.4875,10.1975,10.1975,1.0,0.0,0.0
collateral_quarter,3.0,0.67,deception,t20_l1,test,True,True,8.40875,0.34375,2.9283333333333332,2.9283333333333332,0.305,0.0,0.0
collateral_quarter,3.0,0.67,deception,t20_l1,family_shift,True,False,3.335,0.435,8.2675,8.2675,0.9275,0.0,0.0
collateral_quarter,3.0,0.67,isolate,t8_l0,test,True,True,3.0,1.0,0.9166666666666666,0.6666666666666666,0.3333333333333333,0.25,4.6875
collateral_quarter,3.0,0.67,isolate,t8_l0,family_shift,True,False,3.5,1.0,12.5,9.5,1.0,3.0,3.5
collateral_quarter,6.0,0.34,revoke,t12_l0,test,True,True,17.5,0.0,0.0,0.0,0.0,0.0,0.0
collateral_quarter,6.0,0.34,revoke,t12_l0,family_shift,True,False,9.5,0.0,3.5,3.5,0.5,0.0,0.0
collateral_quarter,6.0,0.34,deception_silent,t8_l0,test,True,True,7.64375,0.47375,3.3066666666666666,3.3066666666666666,0.3333333333333333,0.0,0.0
collateral_quarter,6.0,0.34,deception_silent,t8_l0,family_shift,True,False,2.31,0.5975,11.1975,11.1975,1.0,0.0,0.0
collateral_quarter,6.0,0.34,deception,t20_l0,test,True,True,7.865,0.41125,3.2516666666666665,3.2516666666666665,0.305,0.0,0.0
collateral_quarter,6.0,0.34,deception,t20_l0,family_shift,True,False,2.445,0.545,9.18,9.18,0.9275,0.0,0.0
collateral_quarter,6.0,0.34,isolate,t8_l0,test,True,True,3.0,1.0,0.9166666666666666,0.6666666666666666,0.3333333333333333,0.25,4.6875
collateral_quarter,6.0,0.34,isolate,t8_l0,family_shift,True,False,3.5,1.0,12.5,9.5,1.0,3.0,3.5
collateral_quarter,6.0,0.67,revoke,t5_l0,test,True,True,5.5,0.75,5.333333333333333,5.333333333333333,0.6666666666666666,0.0,0.0
collateral_quarter,6.0,0.67,revoke,t5_l0,family_shift,True,False,7.5,0.5,14.5,14.5,1.0,0.0,0.0
collateral_quarter,6.0,0.67,deception_silent,t5_l1,test,True,True,7.2625,0.55375,5.645,5.645,0.6666666666666666,0.0,0.0
collateral_quarter,6.0,0.67,deception_silent,t5_l1,family_shift,True,False,1.675,0.7525,14.4825,14.4825,1.0,0.0,0.0
collateral_quarter,6.0,0.67,deception,t12_l0,test,True,True,7.51375,0.47375,5.483333333333333,5.483333333333333,0.57,0.0,0.0
collateral_quarter,6.0,0.67,deception,t12_l0,family_shift,True,False,2.2,0.5975,13.6725,13.6725,0.995,0.0,0.0
collateral_quarter,6.0,0.67,isolate,t8_l0,test,True,True,3.0,1.0,0.9166666666666666,0.6666666666666666,0.3333333333333333,0.25,4.6875
collateral_quarter,6.0,0.67,isolate,t8_l0,family_shift,True,False,3.5,1.0,12.5,9.5,1.0,3.0,3.5
collateral_quarter,12.0,0.34,revoke,t12_l0,test,True,True,17.5,0.0,0.0,0.0,0.0,0.0,0.0
collateral_quarter,12.0,0.34,revoke,t12_l0,family_shift,True,False,9.5,0.0,3.5,3.5,0.5,0.0,0.0
collateral_quarter,12.0,0.34,deception_silent,t8_l0,test,True,True,7.64375,0.47375,3.3066666666666666,3.3066666666666666,0.3333333333333333,0.0,0.0
collateral_quarter,12.0,0.34,deception_silent,t8_l0,family_shift,True,False,2.31,0.5975,11.1975,11.1975,1.0,0.0,0.0
collateral_quarter,12.0,0.34,deception,t20_l0,test,True,True,7.865,0.41125,3.2516666666666665,3.2516666666666665,0.305,0.0,0.0
collateral_quarter,12.0,0.34,deception,t20_l0,family_shift,True,False,2.445,0.545,9.18,9.18,0.9275,0.0,0.0
collateral_quarter,12.0,0.34,isolate,t8_l0,test,True,True,3.0,1.0,0.9166666666666666,0.6666666666666666,0.3333333333333333,0.25,4.6875
collateral_quarter,12.0,0.34,isolate,t8_l0,family_shift,True,False,3.5,1.0,12.5,9.5,1.0,3.0,3.5
collateral_quarter,12.0,0.67,revoke,t5_l0,test,True,True,5.5,0.75,5.333333333333333,5.333333333333333,0.6666666666666666,0.0,0.0
collateral_quarter,12.0,0.67,revoke,t5_l0,family_shift,True,False,7.5,0.5,14.5,14.5,1.0,0.0,0.0
collateral_quarter,12.0,0.67,deception_silent,t5_l0,test,True,True,1.59375,0.885,6.858333333333333,6.858333333333333,0.6666666666666666,0.0,0.0
collateral_quarter,12.0,0.67,deception_silent,t5_l0,family_shift,True,False,1.675,0.7525,15.4825,15.4825,1.0,0.0,0.0
collateral_quarter,12.0,0.67,deception,t5_l0,test,True,True,1.59375,0.885,8.375,8.375,0.6666666666666666,0.0,0.0
collateral_quarter,12.0,0.67,deception,t5_l0,family_shift,True,False,1.675,0.7525,16.9675,16.9675,1.0,0.0,0.0
collateral_quarter,12.0,0.67,isolate,t5_l0,test,True,True,2.0,1.0,7.333333333333333,5.333333333333333,0.6666666666666666,2.0,5.0625
collateral_quarter,12.0,0.67,isolate,t5_l0,family_shift,True,False,2.0,1.0,19.0,14.5,1.0,4.5,4.625
collateral_one,0.0,0.34,revoke,t12_l0,test,True,True,17.5,0.0,0.0,0.0,0.0,0.0,0.0
collateral_one,0.0,0.34,revoke,t12_l0,family_shift,True,False,9.5,0.0,3.5,3.5,0.5,0.0,0.0
collateral_one,0.0,0.34,deception_silent,,test,False,False,,,,,,,
collateral_one,0.0,0.34,deception_silent,,family_shift,False,False,,,,,,,
collateral_one,0.0,0.34,deception,,test,False,False,,,,,,,
collateral_one,0.0,0.34,deception,,family_shift,False,False,,,,,,,
collateral_one,0.0,0.34,isolate,t12_l0,test,True,True,4.0,1.0,0.0,0.0,0.0,0.0,17.25
collateral_one,0.0,0.34,isolate,t12_l0,family_shift,True,False,4.5,1.0,8.0,3.5,0.5,4.5,11.5
collateral_one,0.0,0.67,revoke,t12_l0,test,True,True,17.5,0.0,0.0,0.0,0.0,0.0,0.0
collateral_one,0.0,0.67,revoke,t12_l0,family_shift,True,False,9.5,0.0,3.5,3.5,0.5,0.0,0.0
collateral_one,0.0,0.67,deception_silent,,test,False,False,,,,,,,
collateral_one,0.0,0.67,deception_silent,,family_shift,False,False,,,,,,,
collateral_one,0.0,0.67,deception,,test,False,False,,,,,,,
collateral_one,0.0,0.67,deception,,family_shift,False,False,,,,,,,
collateral_one,0.0,0.67,isolate,t12_l0,test,True,True,4.0,1.0,0.0,0.0,0.0,0.0,17.25
collateral_one,0.0,0.67,isolate,t12_l0,family_shift,True,False,4.5,1.0,8.0,3.5,0.5,4.5,11.5
collateral_one,1.0,0.34,revoke,t12_l0,test,True,True,17.5,0.0,0.0,0.0,0.0,0.0,0.0
collateral_one,1.0,0.34,revoke,t12_l0,family_shift,True,False,9.5,0.0,3.5,3.5,0.5,0.0,0.0
collateral_one,1.0,0.34,deception_silent,,test,False,False,,,,,,,
collateral_one,1.0,0.34,deception_silent,,family_shift,False,False,,,,,,,
collateral_one,1.0,0.34,deception,,test,False,False,,,,,,,
collateral_one,1.0,0.34,deception,,family_shift,False,False,,,,,,,
collateral_one,1.0,0.34,isolate,t8_l1,test,True,True,3.75,1.0,1.0,0.3333333333333333,0.3333333333333333,0.6666666666666666,17.75
collateral_one,1.0,0.34,isolate,t8_l1,family_shift,True,False,4.0,1.0,19.5,8.5,1.0,11.0,13.0
collateral_one,1.0,0.67,revoke,t12_l0,test,True,True,17.5,0.0,0.0,0.0,0.0,0.0,0.0
collateral_one,1.0,0.67,revoke,t12_l0,family_shift,True,False,9.5,0.0,3.5,3.5,0.5,0.0,0.0
collateral_one,1.0,0.67,deception_silent,,test,False,False,,,,,,,
collateral_one,1.0,0.67,deception_silent,,family_shift,False,False,,,,,,,
collateral_one,1.0,0.67,deception,,test,False,False,,,,,,,
collateral_one,1.0,0.67,deception,,family_shift,False,False,,,,,,,
collateral_one,1.0,0.67,isolate,t8_l1,test,True,True,3.75,1.0,1.0,0.3333333333333333,0.3333333333333333,0.6666666666666666,17.75
collateral_one,1.0,0.67,isolate,t8_l1,family_shift,True,False,4.0,1.0,19.5,8.5,1.0,11.0,13.0
collateral_one,3.0,0.34,revoke,t12_l0,test,True,True,17.5,0.0,0.0,0.0,0.0,0.0,0.0
collateral_one,3.0,0.34,revoke,t12_l0,family_shift,True,False,9.5,0.0,3.5,3.5,0.5,0.0,0.0
collateral_one,3.0,0.34,deception_silent,t8_l1,test,True,True,8.15875,0.375,2.955,2.955,0.3333333333333333,0.0,0.0
collateral_one,3.0,0.34,deception_silent,t8_l1,family_shift,True,False,2.7625,0.4875,10.1975,10.1975,1.0,0.0,0.0
collateral_one,3.0,0.34,deception,t20_l1,test,True,True,8.40875,0.34375,2.9283333333333332,2.9283333333333332,0.305,0.0,0.0
collateral_one,3.0,0.34,deception,t20_l1,family_shift,True,False,3.335,0.435,8.2675,8.2675,0.9275,0.0,0.0
collateral_one,3.0,0.34,isolate,t8_l0,test,True,True,3.0,1.0,1.6666666666666667,0.6666666666666666,0.3333333333333333,1.0,18.75
collateral_one,3.0,0.34,isolate,t8_l0,family_shift,True,False,3.5,1.0,21.5,9.5,1.0,12.0,14.0
collateral_one,3.0,0.67,revoke,t12_l0,test,True,True,17.5,0.0,0.0,0.0,0.0,0.0,0.0
collateral_one,3.0,0.67,revoke,t12_l0,family_shift,True,False,9.5,0.0,3.5,3.5,0.5,0.0,0.0
collateral_one,3.0,0.67,deception_silent,t8_l1,test,True,True,8.15875,0.375,2.955,2.955,0.3333333333333333,0.0,0.0
collateral_one,3.0,0.67,deception_silent,t8_l1,family_shift,True,False,2.7625,0.4875,10.1975,10.1975,1.0,0.0,0.0
collateral_one,3.0,0.67,deception,t20_l1,test,True,True,8.40875,0.34375,2.9283333333333332,2.9283333333333332,0.305,0.0,0.0
collateral_one,3.0,0.67,deception,t20_l1,family_shift,True,False,3.335,0.435,8.2675,8.2675,0.9275,0.0,0.0
collateral_one,3.0,0.67,isolate,t8_l0,test,True,True,3.0,1.0,1.6666666666666667,0.6666666666666666,0.3333333333333333,1.0,18.75
collateral_one,3.0,0.67,isolate,t8_l0,family_shift,True,False,3.5,1.0,21.5,9.5,1.0,12.0,14.0
collateral_one,6.0,0.34,revoke,t12_l0,test,True,True,17.5,0.0,0.0,0.0,0.0,0.0,0.0
collateral_one,6.0,0.34,revoke,t12_l0,family_shift,True,False,9.5,0.0,3.5,3.5,0.5,0.0,0.0
collateral_one,6.0,0.34,deception_silent,t8_l0,test,True,True,7.64375,0.47375,3.3066666666666666,3.3066666666666666,0.3333333333333333,0.0,0.0
collateral_one,6.0,0.34,deception_silent,t8_l0,family_shift,True,False,2.31,0.5975,11.1975,11.1975,1.0,0.0,0.0
collateral_one,6.0,0.34,deception,t20_l0,test,True,True,7.865,0.41125,3.2516666666666665,3.2516666666666665,0.305,0.0,0.0
collateral_one,6.0,0.34,deception,t20_l0,family_shift,True,False,2.445,0.545,9.18,9.18,0.9275,0.0,0.0
collateral_one,6.0,0.34,isolate,t8_l0,test,True,True,3.0,1.0,1.6666666666666667,0.6666666666666666,0.3333333333333333,1.0,18.75
collateral_one,6.0,0.34,isolate,t8_l0,family_shift,True,False,3.5,1.0,21.5,9.5,1.0,12.0,14.0
collateral_one,6.0,0.67,revoke,t5_l0,test,True,True,5.5,0.75,5.333333333333333,5.333333333333333,0.6666666666666666,0.0,0.0
collateral_one,6.0,0.67,revoke,t5_l0,family_shift,True,False,7.5,0.5,14.5,14.5,1.0,0.0,0.0
collateral_one,6.0,0.67,deception_silent,t5_l1,test,True,True,7.2625,0.55375,5.645,5.645,0.6666666666666666,0.0,0.0
collateral_one,6.0,0.67,deception_silent,t5_l1,family_shift,True,False,1.675,0.7525,14.4825,14.4825,1.0,0.0,0.0
collateral_one,6.0,0.67,deception,t12_l0,test,True,True,7.51375,0.47375,5.483333333333333,5.483333333333333,0.57,0.0,0.0
collateral_one,6.0,0.67,deception,t12_l0,family_shift,True,False,2.2,0.5975,13.6725,13.6725,0.995,0.0,0.0
collateral_one,6.0,0.67,isolate,t8_l0,test,True,True,3.0,1.0,1.6666666666666667,0.6666666666666666,0.3333333333333333,1.0,18.75
collateral_one,6.0,0.67,isolate,t8_l0,family_shift,True,False,3.5,1.0,21.5,9.5,1.0,12.0,14.0
collateral_one,12.0,0.34,revoke,t12_l0,test,True,True,17.5,0.0,0.0,0.0,0.0,0.0,0.0
collateral_one,12.0,0.34,revoke,t12_l0,family_shift,True,False,9.5,0.0,3.5,3.5,0.5,0.0,0.0
collateral_one,12.0,0.34,deception_silent,t8_l0,test,True,True,7.64375,0.47375,3.3066666666666666,3.3066666666666666,0.3333333333333333,0.0,0.0
collateral_one,12.0,0.34,deception_silent,t8_l0,family_shift,True,False,2.31,0.5975,11.1975,11.1975,1.0,0.0,0.0
collateral_one,12.0,0.34,deception,t20_l0,test,True,True,7.865,0.41125,3.2516666666666665,3.2516666666666665,0.305,0.0,0.0
collateral_one,12.0,0.34,deception,t20_l0,family_shift,True,False,2.445,0.545,9.18,9.18,0.9275,0.0,0.0
collateral_one,12.0,0.34,isolate,t8_l0,test,True,True,3.0,1.0,1.6666666666666667,0.6666666666666666,0.3333333333333333,1.0,18.75
collateral_one,12.0,0.34,isolate,t8_l0,family_shift,True,False,3.5,1.0,21.5,9.5,1.0,12.0,14.0
collateral_one,12.0,0.67,revoke,t5_l0,test,True,True,5.5,0.75,5.333333333333333,5.333333333333333,0.6666666666666666,0.0,0.0
collateral_one,12.0,0.67,revoke,t5_l0,family_shift,True,False,7.5,0.5,14.5,14.5,1.0,0.0,0.0
collateral_one,12.0,0.67,deception_silent,t5_l0,test,True,True,1.59375,0.885,6.858333333333333,6.858333333333333,0.6666666666666666,0.0,0.0
collateral_one,12.0,0.67,deception_silent,t5_l0,family_shift,True,False,1.675,0.7525,15.4825,15.4825,1.0,0.0,0.0
collateral_one,12.0,0.67,deception,t5_l0,test,True,True,1.59375,0.885,8.375,8.375,0.6666666666666666,0.0,0.0
collateral_one,12.0,0.67,deception,t5_l0,family_shift,True,False,1.675,0.7525,16.9675,16.9675,1.0,0.0,0.0
collateral_one,12.0,0.67,isolate,t5_l1,test,True,True,2.75,1.0,12.0,4.666666666666667,0.6666666666666666,7.333333333333333,19.25
collateral_one,12.0,0.67,isolate,t5_l1,family_shift,True,False,2.5,1.0,30.5,13.5,1.0,17.0,17.5
background_empty,0.0,0.34,revoke,t12_l0,test,True,True,12.06625,0.01875,0.0,0.0,0.0,0.0,0.0
background_empty,0.0,0.34,revoke,t12_l0,family_shift,True,False,8.595,0.01,3.5,3.5,0.5,0.0,0.0
background_empty,0.0,0.34,deception_silent,,test,False,False,,,,,,,
background_empty,0.0,0.34,deception_silent,,family_shift,False,False,,,,,,,
background_empty,0.0,0.34,deception,,test,False,False,,,,,,,
background_empty,0.0,0.34,deception,,family_shift,False,False,,,,,,,
background_empty,0.0,0.34,isolate,t12_l0,test,True,True,4.01875,1.0,0.0,0.0,0.0,0.0,0.0
background_empty,0.0,0.34,isolate,t12_l0,family_shift,True,False,4.5,1.0,3.5,3.5,0.5,0.0,0.0
background_empty,0.0,0.67,revoke,t12_l0,test,True,True,12.06625,0.01875,0.0,0.0,0.0,0.0,0.0
background_empty,0.0,0.67,revoke,t12_l0,family_shift,True,False,8.595,0.01,3.5,3.5,0.5,0.0,0.0
background_empty,0.0,0.67,deception_silent,,test,False,False,,,,,,,
background_empty,0.0,0.67,deception_silent,,family_shift,False,False,,,,,,,
background_empty,0.0,0.67,deception,,test,False,False,,,,,,,
background_empty,0.0,0.67,deception,,family_shift,False,False,,,,,,,
background_empty,0.0,0.67,isolate,t12_l0,test,True,True,4.01875,1.0,0.0,0.0,0.0,0.0,0.0
background_empty,0.0,0.67,isolate,t12_l0,family_shift,True,False,4.5,1.0,3.5,3.5,0.5,0.0,0.0
background_empty,1.0,0.34,revoke,t8_l0,test,True,True,11.34,0.12375,0.8116666666666666,0.8116666666666666,0.3333333333333333,0.0,0.0
background_empty,1.0,0.34,revoke,t8_l0,family_shift,True,False,8.4125,0.065,9.5,9.5,1.0,0.0,0.0
background_empty,1.0,0.34,deception_silent,,test,False,False,,,,,,,
background_empty,1.0,0.34,deception_silent,,family_shift,False,False,,,,,,,
background_empty,1.0,0.34,deception,,test,False,False,,,,,,,
background_empty,1.0,0.34,deception,,family_shift,False,False,,,,,,,
background_empty,1.0,0.34,isolate,t8_l0,test,True,True,3.0,1.0,0.8116666666666666,0.8116666666666666,0.3333333333333333,0.0,0.0
background_empty,1.0,0.34,isolate,t8_l0,family_shift,True,False,3.435,1.0,9.5,9.5,1.0,0.0,0.0
background_empty,1.0,0.67,revoke,t8_l0,test,True,True,11.34,0.12375,0.8116666666666666,0.8116666666666666,0.3333333333333333,0.0,0.0
background_empty,1.0,0.67,revoke,t8_l0,family_shift,True,False,8.4125,0.065,9.5,9.5,1.0,0.0,0.0
background_empty,1.0,0.67,deception_silent,,test,False,False,,,,,,,
background_empty,1.0,0.67,deception_silent,,family_shift,False,False,,,,,,,
background_empty,1.0,0.67,deception,,test,False,False,,,,,,,
background_empty,1.0,0.67,deception,,family_shift,False,False,,,,,,,
background_empty,1.0,0.67,isolate,t8_l0,test,True,True,3.0,1.0,0.8116666666666666,0.8116666666666666,0.3333333333333333,0.0,0.0
background_empty,1.0,0.67,isolate,t8_l0,family_shift,True,False,3.435,1.0,9.5,9.5,1.0,0.0,0.0
background_empty,3.0,0.34,revoke,t8_l0,test,True,True,11.34,0.12375,0.8116666666666666,0.8116666666666666,0.3333333333333333,0.0,0.0
background_empty,3.0,0.34,revoke,t8_l0,family_shift,True,False,8.4125,0.065,9.5,9.5,1.0,0.0,0.0
background_empty,3.0,0.34,deception_silent,t12_l0,test,True,True,5.905,0.365,1.6816666666666666,1.6816666666666666,0.11833333333333333,0.0,0.0
background_empty,3.0,0.34,deception_silent,t12_l0,family_shift,True,False,2.925,0.4525,5.8625,5.8625,0.5,0.0,0.0
background_empty,3.0,0.34,deception,t20_l1,test,True,True,6.49625,0.35875,2.97,2.97,0.31333333333333335,0.0,0.0
background_empty,3.0,0.34,deception,t20_l1,family_shift,True,False,3.245,0.44,8.2675,8.2675,0.9275,0.0,0.0
background_empty,3.0,0.34,isolate,t8_l0,test,True,True,3.0,1.0,0.8116666666666666,0.8116666666666666,0.3333333333333333,0.0,0.0
background_empty,3.0,0.34,isolate,t8_l0,family_shift,True,False,3.435,1.0,9.5,9.5,1.0,0.0,0.0
background_empty,3.0,0.67,revoke,t8_l0,test,True,True,11.34,0.12375,0.8116666666666666,0.8116666666666666,0.3333333333333333,0.0,0.0
background_empty,3.0,0.67,revoke,t8_l0,family_shift,True,False,8.4125,0.065,9.5,9.5,1.0,0.0,0.0
background_empty,3.0,0.67,deception_silent,t12_l0,test,True,True,5.905,0.365,1.6816666666666666,1.6816666666666666,0.11833333333333333,0.0,0.0
background_empty,3.0,0.67,deception_silent,t12_l0,family_shift,True,False,2.925,0.4525,5.8625,5.8625,0.5,0.0,0.0
background_empty,3.0,0.67,deception,t20_l1,test,True,True,6.49625,0.35875,2.97,2.97,0.31333333333333335,0.0,0.0
background_empty,3.0,0.67,deception,t20_l1,family_shift,True,False,3.245,0.44,8.2675,8.2675,0.9275,0.0,0.0
background_empty,3.0,0.67,isolate,t8_l0,test,True,True,3.0,1.0,0.8116666666666666,0.8116666666666666,0.3333333333333333,0.0,0.0
background_empty,3.0,0.67,isolate,t8_l0,family_shift,True,False,3.435,1.0,9.5,9.5,1.0,0.0,0.0
background_empty,6.0,0.34,revoke,t8_l0,test,True,True,11.34,0.12375,0.8116666666666666,0.8116666666666666,0.3333333333333333,0.0,0.0
background_empty,6.0,0.34,revoke,t8_l0,family_shift,True,False,8.4125,0.065,9.5,9.5,1.0,0.0,0.0
background_empty,6.0,0.34,deception_silent,t8_l0,test,True,True,4.89875,0.5375,3.3983333333333334,3.3983333333333334,0.3333333333333333,0.0,0.0
background_empty,6.0,0.34,deception_silent,t8_l0,family_shift,True,False,2.145,0.61,11.1975,11.1975,1.0,0.0,0.0
background_empty,6.0,0.34,deception,t20_l0,test,True,True,5.81,0.4275,3.296666666666667,3.296666666666667,0.31333333333333335,0.0,0.0
background_empty,6.0,0.34,deception,t20_l0,family_shift,True,False,2.4,0.55,9.18,9.18,0.9275,0.0,0.0
background_empty,6.0,0.34,isolate,t8_l0,test,True,True,3.0,1.0,0.8116666666666666,0.8116666666666666,0.3333333333333333,0.0,0.0
background_empty,6.0,0.34,isolate,t8_l0,family_shift,True,False,3.435,1.0,9.5,9.5,1.0,0.0,0.0
background_empty,6.0,0.67,revoke,t5_l0,test,True,True,4.62375,0.75,5.366666666666666,5.366666666666666,0.6666666666666666,0.0,0.0
background_empty,6.0,0.67,revoke,t5_l0,family_shift,True,False,6.6275,0.5,14.5,14.5,1.0,0.0,0.0
background_empty,6.0,0.67,deception_silent,t5_l1,test,True,True,4.56625,0.60625,5.651666666666666,5.651666666666666,0.6666666666666666,0.0,0.0
background_empty,6.0,0.67,deception_silent,t5_l1,family_shift,True,False,1.5475,0.7525,14.4825,14.4825,1.0,0.0,0.0
background_empty,6.0,0.67,deception,t12_l0,test,True,True,5.09875,0.49125,5.523333333333333,5.523333333333333,0.57,0.0,0.0
background_empty,6.0,0.67,deception,t12_l0,family_shift,True,False,2.0525,0.6025,13.6725,13.6725,0.995,0.0,0.0
background_empty,6.0,0.67,isolate,t5_l0,test,True,True,2.0,1.0,5.366666666666666,5.366666666666666,0.6666666666666666,0.0,0.0
background_empty,6.0,0.67,isolate,t5_l0,family_shift,True,False,2.0,1.0,14.5,14.5,1.0,0.0,0.0
background_empty,12.0,0.34,revoke,t8_l0,test,True,True,11.34,0.12375,0.8116666666666666,0.8116666666666666,0.3333333333333333,0.0,0.0
background_empty,12.0,0.34,revoke,t8_l0,family_shift,True,False,8.4125,0.065,9.5,9.5,1.0,0.0,0.0
background_empty,12.0,0.34,deception_silent,t8_l0,test,True,True,4.89875,0.5375,3.3983333333333334,3.3983333333333334,0.3333333333333333,0.0,0.0
background_empty,12.0,0.34,deception_silent,t8_l0,family_shift,True,False,2.145,0.61,11.1975,11.1975,1.0,0.0,0.0
background_empty,12.0,0.34,deception,t20_l0,test,True,True,5.81,0.4275,3.296666666666667,3.296666666666667,0.31333333333333335,0.0,0.0
background_empty,12.0,0.34,deception,t20_l0,family_shift,True,False,2.4,0.55,9.18,9.18,0.9275,0.0,0.0
background_empty,12.0,0.34,isolate,t8_l0,test,True,True,3.0,1.0,0.8116666666666666,0.8116666666666666,0.3333333333333333,0.0,0.0
background_empty,12.0,0.34,isolate,t8_l0,family_shift,True,False,3.435,1.0,9.5,9.5,1.0,0.0,0.0
background_empty,12.0,0.67,revoke,t5_l0,test,True,True,4.62375,0.75,5.366666666666666,5.366666666666666,0.6666666666666666,0.0,0.0
background_empty,12.0,0.67,revoke,t5_l0,family_shift,True,False,6.6275,0.5,14.5,14.5,1.0,0.0,0.0
background_empty,12.0,0.67,deception_silent,t5_l0,test,True,True,1.5,0.885,6.885,6.885,0.6666666666666666,0.0,0.0
background_empty,12.0,0.67,deception_silent,t5_l0,family_shift,True,False,1.5475,0.7525,15.4825,15.4825,1.0,0.0,0.0
background_empty,12.0,0.67,deception,t5_l0,test,True,True,1.5,0.885,8.381666666666666,8.381666666666666,0.6666666666666666,0.0,0.0
background_empty,12.0,0.67,deception,t5_l0,family_shift,True,False,1.5475,0.7525,16.9675,16.9675,1.0,0.0,0.0
background_empty,12.0,0.67,isolate,t5_l0,test,True,True,2.0,1.0,5.366666666666666,5.366666666666666,0.6666666666666666,0.0,0.0
background_empty,12.0,0.67,isolate,t5_l0,family_shift,True,False,2.0,1.0,14.5,14.5,1.0,0.0,0.0
recognition_half,0.0,0.34,revoke,t12_l0,test,True,True,17.5,0.0,0.0,0.0,0.0,0.0,0.0
recognition_half,0.0,0.34,revoke,t12_l0,family_shift,True,False,9.5,0.0,3.5,3.5,0.5,0.0,0.0
recognition_half,0.0,0.34,deception_silent,,test,False,False,,,,,,,
recognition_half,0.0,0.34,deception_silent,,family_shift,False,False,,,,,,,
recognition_half,0.0,0.34,deception,,test,False,False,,,,,,,
recognition_half,0.0,0.34,deception,,family_shift,False,False,,,,,,,
recognition_half,0.0,0.34,isolate,t12_l0,test,True,True,4.0,1.0,0.0,0.0,0.0,0.0,0.0
recognition_half,0.0,0.34,isolate,t12_l0,family_shift,True,False,4.5,1.0,3.5,3.5,0.5,0.0,0.0
recognition_half,0.0,0.67,revoke,t12_l0,test,True,True,17.5,0.0,0.0,0.0,0.0,0.0,0.0
recognition_half,0.0,0.67,revoke,t12_l0,family_shift,True,False,9.5,0.0,3.5,3.5,0.5,0.0,0.0
recognition_half,0.0,0.67,deception_silent,,test,False,False,,,,,,,
recognition_half,0.0,0.67,deception_silent,,family_shift,False,False,,,,,,,
recognition_half,0.0,0.67,deception,,test,False,False,,,,,,,
recognition_half,0.0,0.67,deception,,family_shift,False,False,,,,,,,
recognition_half,0.0,0.67,isolate,t12_l0,test,True,True,4.0,1.0,0.0,0.0,0.0,0.0,0.0
recognition_half,0.0,0.67,isolate,t12_l0,family_shift,True,False,4.5,1.0,3.5,3.5,0.5,0.0,0.0
recognition_half,1.0,0.34,revoke,t12_l0,test,True,True,17.5,0.0,0.0,0.0,0.0,0.0,0.0
recognition_half,1.0,0.34,revoke,t12_l0,family_shift,True,False,9.5,0.0,3.5,3.5,0.5,0.0,0.0
recognition_half,1.0,0.34,deception_silent,,test,False,False,,,,,,,
recognition_half,1.0,0.34,deception_silent,,family_shift,False,False,,,,,,,
recognition_half,1.0,0.34,deception,,test,False,False,,,,,,,
recognition_half,1.0,0.34,deception,,family_shift,False,False,,,,,,,
recognition_half,1.0,0.34,isolate,t8_l0,test,True,True,3.0,1.0,0.6666666666666666,0.6666666666666666,0.3333333333333333,0.0,0.0
recognition_half,1.0,0.34,isolate,t8_l0,family_shift,True,False,3.5,1.0,9.5,9.5,1.0,0.0,0.0
recognition_half,1.0,0.67,revoke,t12_l0,test,True,True,17.5,0.0,0.0,0.0,0.0,0.0,0.0
recognition_half,1.0,0.67,revoke,t12_l0,family_shift,True,False,9.5,0.0,3.5,3.5,0.5,0.0,0.0
recognition_half,1.0,0.67,deception_silent,,test,False,False,,,,,,,
recognition_half,1.0,0.67,deception_silent,,family_shift,False,False,,,,,,,
recognition_half,1.0,0.67,deception,,test,False,False,,,,,,,
recognition_half,1.0,0.67,deception,,family_shift,False,False,,,,,,,
recognition_half,1.0,0.67,isolate,t8_l0,test,True,True,3.0,1.0,0.6666666666666666,0.6666666666666666,0.3333333333333333,0.0,0.0
recognition_half,1.0,0.67,isolate,t8_l0,family_shift,True,False,3.5,1.0,9.5,9.5,1.0,0.0,0.0
recognition_half,3.0,0.34,revoke,t12_l0,test,True,True,17.5,0.0,0.0,0.0,0.0,0.0,0.0
recognition_half,3.0,0.34,revoke,t12_l0,family_shift,True,False,9.5,0.0,3.5,3.5,0.5,0.0,0.0
recognition_half,3.0,0.34,deception_silent,t8_l0,test,True,True,8.105,0.47375,2.631666666666667,2.631666666666667,0.3333333333333333,0.0,0.0
recognition_half,3.0,0.34,deception_silent,t8_l0,family_shift,True,False,2.7325,0.5975,11.1975,11.1975,1.0,0.0,0.0
recognition_half,3.0,0.34,deception,t20_l1,test,True,True,8.64,0.39375,2.7666666666666666,2.7666666666666666,0.305,0.0,0.0
recognition_half,3.0,0.34,deception,t20_l1,family_shift,True,False,3.095,0.5275,8.2675,8.2675,0.9275,0.0,0.0
recognition_half,3.0,0.34,isolate,t8_l0,test,True,True,3.0,1.0,0.6666666666666666,0.6666666666666666,0.3333333333333333,0.0,0.0
recognition_half,3.0,0.34,isolate,t8_l0,family_shift,True,False,3.5,1.0,9.5,9.5,1.0,0.0,0.0
recognition_half,3.0,0.67,revoke,t12_l0,test,True,True,17.5,0.0,0.0,0.0,0.0,0.0,0.0
recognition_half,3.0,0.67,revoke,t12_l0,family_shift,True,False,9.5,0.0,3.5,3.5,0.5,0.0,0.0
recognition_half,3.0,0.67,deception_silent,t8_l0,test,True,True,8.105,0.47375,2.631666666666667,2.631666666666667,0.3333333333333333,0.0,0.0
recognition_half,3.0,0.67,deception_silent,t8_l0,family_shift,True,False,2.7325,0.5975,11.1975,11.1975,1.0,0.0,0.0
recognition_half,3.0,0.67,deception,t20_l1,test,True,True,8.64,0.39375,2.7666666666666666,2.7666666666666666,0.305,0.0,0.0
recognition_half,3.0,0.67,deception,t20_l1,family_shift,True,False,3.095,0.5275,8.2675,8.2675,0.9275,0.0,0.0
recognition_half,3.0,0.67,isolate,t8_l0,test,True,True,3.0,1.0,0.6666666666666666,0.6666666666666666,0.3333333333333333,0.0,0.0
recognition_half,3.0,0.67,isolate,t8_l0,family_shift,True,False,3.5,1.0,9.5,9.5,1.0,0.0,0.0
recognition_half,6.0,0.34,revoke,t12_l0,test,True,True,17.5,0.0,0.0,0.0,0.0,0.0,0.0
recognition_half,6.0,0.34,revoke,t12_l0,family_shift,True,False,9.5,0.0,3.5,3.5,0.5,0.0,0.0
recognition_half,6.0,0.34,deception_silent,t8_l0,test,True,True,8.105,0.47375,2.631666666666667,2.631666666666667,0.3333333333333333,0.0,0.0
recognition_half,6.0,0.34,deception_silent,t8_l0,family_shift,True,False,2.7325,0.5975,11.1975,11.1975,1.0,0.0,0.0
recognition_half,6.0,0.34,deception,t20_l0,test,True,True,8.40375,0.41125,3.2183333333333333,3.2183333333333333,0.305,0.0,0.0
recognition_half,6.0,0.34,deception,t20_l0,family_shift,True,False,2.87,0.545,9.18,9.18,0.9275,0.0,0.0
recognition_half,6.0,0.34,isolate,t8_l0,test,True,True,3.0,1.0,0.6666666666666666,0.6666666666666666,0.3333333333333333,0.0,0.0
recognition_half,6.0,0.34,isolate,t8_l0,family_shift,True,False,3.5,1.0,9.5,9.5,1.0,0.0,0.0
recognition_half,6.0,0.67,revoke,t5_l0,test,True,True,5.5,0.75,5.333333333333333,5.333333333333333,0.6666666666666666,0.0,0.0
recognition_half,6.0,0.67,revoke,t5_l0,family_shift,True,False,7.5,0.5,14.5,14.5,1.0,0.0,0.0
recognition_half,6.0,0.67,deception_silent,t5_l1,test,True,True,7.73625,0.55375,5.6883333333333335,5.6883333333333335,0.6666666666666666,0.0,0.0
recognition_half,6.0,0.67,deception_silent,t5_l1,family_shift,True,False,2.185,0.7525,14.4825,14.4825,1.0,0.0,0.0
recognition_half,6.0,0.67,deception,t12_l0,test,True,True,8.025,0.47375,5.088333333333333,5.088333333333333,0.57,0.0,0.0
recognition_half,6.0,0.67,deception,t12_l0,family_shift,True,False,2.715,0.5975,13.6725,13.6725,0.995,0.0,0.0
recognition_half,6.0,0.67,isolate,t5_l0,test,True,True,2.0,1.0,5.333333333333333,5.333333333333333,0.6666666666666666,0.0,0.0
recognition_half,6.0,0.67,isolate,t5_l0,family_shift,True,False,2.0,1.0,14.5,14.5,1.0,0.0,0.0
recognition_half,12.0,0.34,revoke,t12_l0,test,True,True,17.5,0.0,0.0,0.0,0.0,0.0,0.0
recognition_half,12.0,0.34,revoke,t12_l0,family_shift,True,False,9.5,0.0,3.5,3.5,0.5,0.0,0.0
recognition_half,12.0,0.34,deception_silent,t8_l0,test,True,True,8.105,0.47375,2.631666666666667,2.631666666666667,0.3333333333333333,0.0,0.0
recognition_half,12.0,0.34,deception_silent,t8_l0,family_shift,True,False,2.7325,0.5975,11.1975,11.1975,1.0,0.0,0.0
recognition_half,12.0,0.34,deception,t20_l0,test,True,True,8.40375,0.41125,3.2183333333333333,3.2183333333333333,0.305,0.0,0.0
recognition_half,12.0,0.34,deception,t20_l0,family_shift,True,False,2.87,0.545,9.18,9.18,0.9275,0.0,0.0
recognition_half,12.0,0.34,isolate,t8_l0,test,True,True,3.0,1.0,0.6666666666666666,0.6666666666666666,0.3333333333333333,0.0,0.0
recognition_half,12.0,0.34,isolate,t8_l0,family_shift,True,False,3.5,1.0,9.5,9.5,1.0,0.0,0.0
recognition_half,12.0,0.67,revoke,t5_l0,test,True,True,5.5,0.75,5.333333333333333,5.333333333333333,0.6666666666666666,0.0,0.0
recognition_half,12.0,0.67,revoke,t5_l0,family_shift,True,False,7.5,0.5,14.5,14.5,1.0,0.0,0.0
recognition_half,12.0,0.67,deception_silent,t5_l0,test,True,True,1.86875,0.885,6.533333333333333,6.533333333333333,0.6666666666666666,0.0,0.0
recognition_half,12.0,0.67,deception_silent,t5_l0,family_shift,True,False,2.185,0.7525,15.4825,15.4825,1.0,0.0,0.0
recognition_half,12.0,0.67,deception,t5_l0,test,True,True,1.86875,0.885,8.09,8.09,0.6666666666666666,0.0,0.0
recognition_half,12.0,0.67,deception,t5_l0,family_shift,True,False,2.185,0.7525,16.9675,16.9675,1.0,0.0,0.0
recognition_half,12.0,0.67,isolate,t5_l0,test,True,True,2.0,1.0,5.333333333333333,5.333333333333333,0.6666666666666666,0.0,0.0
recognition_half,12.0,0.67,isolate,t5_l0,family_shift,True,False,2.0,1.0,14.5,14.5,1.0,0.0,0.0
patience_four,0.0,0.34,revoke,t12_l0,test,True,True,17.5,0.0,0.0,0.0,0.0,0.0,0.0
patience_four,0.0,0.34,revoke,t12_l0,family_shift,True,False,9.5,0.0,3.5,3.5,0.5,0.0,0.0
patience_four,0.0,0.34,deception_silent,,test,False,False,,,,,,,
patience_four,0.0,0.34,deception_silent,,family_shift,False,False,,,,,,,
patience_four,0.0,0.34,deception,,test,False,False,,,,,,,
patience_four,0.0,0.34,deception,,family_shift,False,False,,,,,,,
patience_four,0.0,0.34,isolate,t12_l0,test,True,True,4.0,1.0,0.0,0.0,0.0,0.0,0.0
patience_four,0.0,0.34,isolate,t12_l0,family_shift,True,False,4.5,1.0,3.5,3.5,0.5,0.0,0.0
patience_four,0.0,0.67,revoke,t12_l0,test,True,True,17.5,0.0,0.0,0.0,0.0,0.0,0.0
patience_four,0.0,0.67,revoke,t12_l0,family_shift,True,False,9.5,0.0,3.5,3.5,0.5,0.0,0.0
patience_four,0.0,0.67,deception_silent,,test,False,False,,,,,,,
patience_four,0.0,0.67,deception_silent,,family_shift,False,False,,,,,,,
patience_four,0.0,0.67,deception,,test,False,False,,,,,,,
patience_four,0.0,0.67,deception,,family_shift,False,False,,,,,,,
patience_four,0.0,0.67,isolate,t12_l0,test,True,True,4.0,1.0,0.0,0.0,0.0,0.0,0.0
patience_four,0.0,0.67,isolate,t12_l0,family_shift,True,False,4.5,1.0,3.5,3.5,0.5,0.0,0.0
patience_four,1.0,0.34,revoke,t12_l0,test,True,True,17.5,0.0,0.0,0.0,0.0,0.0,0.0
patience_four,1.0,0.34,revoke,t12_l0,family_shift,True,False,9.5,0.0,3.5,3.5,0.5,0.0,0.0
patience_four,1.0,0.34,deception_silent,,test,False,False,,,,,,,
patience_four,1.0,0.34,deception_silent,,family_shift,False,False,,,,,,,
patience_four,1.0,0.34,deception,,test,False,False,,,,,,,
patience_four,1.0,0.34,deception,,family_shift,False,False,,,,,,,
patience_four,1.0,0.34,isolate,t8_l0,test,True,True,3.0,1.0,0.6666666666666666,0.6666666666666666,0.3333333333333333,0.0,0.0
patience_four,1.0,0.34,isolate,t8_l0,family_shift,True,False,3.5,1.0,9.5,9.5,1.0,0.0,0.0
patience_four,1.0,0.67,revoke,t12_l0,test,True,True,17.5,0.0,0.0,0.0,0.0,0.0,0.0
patience_four,1.0,0.67,revoke,t12_l0,family_shift,True,False,9.5,0.0,3.5,3.5,0.5,0.0,0.0
patience_four,1.0,0.67,deception_silent,,test,False,False,,,,,,,
patience_four,1.0,0.67,deception_silent,,family_shift,False,False,,,,,,,
patience_four,1.0,0.67,deception,,test,False,False,,,,,,,
patience_four,1.0,0.67,deception,,family_shift,False,False,,,,,,,
patience_four,1.0,0.67,isolate,t8_l0,test,True,True,3.0,1.0,0.6666666666666666,0.6666666666666666,0.3333333333333333,0.0,0.0
patience_four,1.0,0.67,isolate,t8_l0,family_shift,True,False,3.5,1.0,9.5,9.5,1.0,0.0,0.0
patience_four,3.0,0.34,revoke,t12_l0,test,True,True,17.5,0.0,0.0,0.0,0.0,0.0,0.0
patience_four,3.0,0.34,revoke,t12_l0,family_shift,True,False,9.5,0.0,3.5,3.5,0.5,0.0,0.0
patience_four,3.0,0.34,deception_silent,t8_l0,test,True,True,8.19125,0.47375,2.435,2.435,0.3333333333333333,0.0,0.0
patience_four,3.0,0.34,deception_silent,t8_l0,family_shift,True,False,2.8875,0.5975,11.1975,11.1975,1.0,0.0,0.0
patience_four,3.0,0.34,deception,t20_l1,test,True,True,8.5625,0.41125,3.0,3.0,0.305,0.0,0.0
patience_four,3.0,0.34,deception,t20_l1,family_shift,True,False,3.025,0.545,8.2675,8.2675,0.9275,0.0,0.0
patience_four,3.0,0.34,isolate,t8_l0,test,True,True,3.0,1.0,0.6666666666666666,0.6666666666666666,0.3333333333333333,0.0,0.0
patience_four,3.0,0.34,isolate,t8_l0,family_shift,True,False,3.5,1.0,9.5,9.5,1.0,0.0,0.0
patience_four,3.0,0.67,revoke,t12_l0,test,True,True,17.5,0.0,0.0,0.0,0.0,0.0,0.0
patience_four,3.0,0.67,revoke,t12_l0,family_shift,True,False,9.5,0.0,3.5,3.5,0.5,0.0,0.0
patience_four,3.0,0.67,deception_silent,t8_l0,test,True,True,8.19125,0.47375,2.435,2.435,0.3333333333333333,0.0,0.0
patience_four,3.0,0.67,deception_silent,t8_l0,family_shift,True,False,2.8875,0.5975,11.1975,11.1975,1.0,0.0,0.0
patience_four,3.0,0.67,deception,t20_l1,test,True,True,8.5625,0.41125,3.0,3.0,0.305,0.0,0.0
patience_four,3.0,0.67,deception,t20_l1,family_shift,True,False,3.025,0.545,8.2675,8.2675,0.9275,0.0,0.0
patience_four,3.0,0.67,isolate,t8_l0,test,True,True,3.0,1.0,0.6666666666666666,0.6666666666666666,0.3333333333333333,0.0,0.0
patience_four,3.0,0.67,isolate,t8_l0,family_shift,True,False,3.5,1.0,9.5,9.5,1.0,0.0,0.0
patience_four,6.0,0.34,revoke,t12_l0,test,True,True,17.5,0.0,0.0,0.0,0.0,0.0,0.0
patience_four,6.0,0.34,revoke,t12_l0,family_shift,True,False,9.5,0.0,3.5,3.5,0.5,0.0,0.0
patience_four,6.0,0.34,deception_silent,t8_l0,test,True,True,8.19125,0.47375,2.435,2.435,0.3333333333333333,0.0,0.0
patience_four,6.0,0.34,deception_silent,t8_l0,family_shift,True,False,2.8875,0.5975,11.1975,11.1975,1.0,0.0,0.0
patience_four,6.0,0.34,deception,t20_l0,test,True,True,8.55125,0.41125,3.305,3.305,0.305,0.0,0.0
patience_four,6.0,0.34,deception,t20_l0,family_shift,True,False,3.025,0.545,9.18,9.18,0.9275,0.0,0.0
patience_four,6.0,0.34,isolate,t8_l0,test,True,True,3.0,1.0,0.6666666666666666,0.6666666666666666,0.3333333333333333,0.0,0.0
patience_four,6.0,0.34,isolate,t8_l0,family_shift,True,False,3.5,1.0,9.5,9.5,1.0,0.0,0.0
patience_four,6.0,0.67,revoke,t5_l0,test,True,True,5.5,0.75,5.333333333333333,5.333333333333333,0.6666666666666666,0.0,0.0
patience_four,6.0,0.67,revoke,t5_l0,family_shift,True,False,7.5,0.5,14.5,14.5,1.0,0.0,0.0
patience_four,6.0,0.67,deception_silent,t5_l1,test,True,True,7.8325,0.55375,5.791666666666667,5.791666666666667,0.6666666666666666,0.0,0.0
patience_four,6.0,0.67,deception_silent,t5_l1,family_shift,True,False,2.3575,0.7525,14.4825,14.4825,1.0,0.0,0.0
patience_four,6.0,0.67,deception,t12_l0,test,True,True,8.12875,0.47375,4.993333333333333,4.993333333333333,0.57,0.0,0.0
patience_four,6.0,0.67,deception,t12_l0,family_shift,True,False,2.8875,0.5975,13.6725,13.6725,0.995,0.0,0.0
patience_four,6.0,0.67,isolate,t5_l0,test,True,True,2.0,1.0,5.333333333333333,5.333333333333333,0.6666666666666666,0.0,0.0
patience_four,6.0,0.67,isolate,t5_l0,family_shift,True,False,2.0,1.0,14.5,14.5,1.0,0.0,0.0
patience_four,12.0,0.34,revoke,t12_l0,test,True,True,17.5,0.0,0.0,0.0,0.0,0.0,0.0
patience_four,12.0,0.34,revoke,t12_l0,family_shift,True,False,9.5,0.0,3.5,3.5,0.5,0.0,0.0
patience_four,12.0,0.34,deception_silent,t8_l0,test,True,True,8.19125,0.47375,2.435,2.435,0.3333333333333333,0.0,0.0
patience_four,12.0,0.34,deception_silent,t8_l0,family_shift,True,False,2.8875,0.5975,11.1975,11.1975,1.0,0.0,0.0
patience_four,12.0,0.34,deception,t20_l0,test,True,True,8.55125,0.41125,3.305,3.305,0.305,0.0,0.0
patience_four,12.0,0.34,deception,t20_l0,family_shift,True,False,3.025,0.545,9.18,9.18,0.9275,0.0,0.0
patience_four,12.0,0.34,isolate,t8_l0,test,True,True,3.0,1.0,0.6666666666666666,0.6666666666666666,0.3333333333333333,0.0,0.0
patience_four,12.0,0.34,isolate,t8_l0,family_shift,True,False,3.5,1.0,9.5,9.5,1.0,0.0,0.0
patience_four,12.0,0.67,revoke,t5_l0,test,True,True,5.5,0.75,5.333333333333333,5.333333333333333,0.6666666666666666,0.0,0.0
patience_four,12.0,0.67,revoke,t5_l0,family_shift,True,False,7.5,0.5,14.5,14.5,1.0,0.0,0.0
patience_four,12.0,0.67,deception_silent,t5_l0,test,True,True,1.9325,0.885,6.458333333333333,6.458333333333333,0.6666666666666666,0.0,0.0
patience_four,12.0,0.67,deception_silent,t5_l0,family_shift,True,False,2.3575,0.7525,15.4825,15.4825,1.0,0.0,0.0
patience_four,12.0,0.67,deception,t5_l0,test,True,True,1.9325,0.885,8.028333333333334,8.028333333333334,0.6666666666666666,0.0,0.0
patience_four,12.0,0.67,deception,t5_l0,family_shift,True,False,2.3575,0.7525,16.9675,16.9675,1.0,0.0,0.0
patience_four,12.0,0.67,isolate,t5_l0,test,True,True,2.0,1.0,5.333333333333333,5.333333333333333,0.6666666666666666,0.0,0.0
patience_four,12.0,0.67,isolate,t5_l0,family_shift,True,False,2.0,1.0,14.5,14.5,1.0,0.0,0.0
avoidance_half,0.0,0.34,revoke,t12_l0,test,True,True,17.5,0.0,0.0,0.0,0.0,0.0,0.0
avoidance_half,0.0,0.34,revoke,t12_l0,family_shift,True,False,9.5,0.0,3.5,3.5,0.5,0.0,0.0
avoidance_half,0.0,0.34,deception_silent,,test,False,False,,,,,,,
avoidance_half,0.0,0.34,deception_silent,,family_shift,False,False,,,,,,,
avoidance_half,0.0,0.34,deception,,test,False,False,,,,,,,
avoidance_half,0.0,0.34,deception,,family_shift,False,False,,,,,,,
avoidance_half,0.0,0.34,isolate,t12_l0,test,True,True,4.0,1.0,0.0,0.0,0.0,0.0,0.0
avoidance_half,0.0,0.34,isolate,t12_l0,family_shift,True,False,4.5,1.0,3.5,3.5,0.5,0.0,0.0
avoidance_half,0.0,0.67,revoke,t12_l0,test,True,True,17.5,0.0,0.0,0.0,0.0,0.0,0.0
avoidance_half,0.0,0.67,revoke,t12_l0,family_shift,True,False,9.5,0.0,3.5,3.5,0.5,0.0,0.0
avoidance_half,0.0,0.67,deception_silent,,test,False,False,,,,,,,
avoidance_half,0.0,0.67,deception_silent,,family_shift,False,False,,,,,,,
avoidance_half,0.0,0.67,deception,,test,False,False,,,,,,,
avoidance_half,0.0,0.67,deception,,family_shift,False,False,,,,,,,
avoidance_half,0.0,0.67,isolate,t12_l0,test,True,True,4.0,1.0,0.0,0.0,0.0,0.0,0.0
avoidance_half,0.0,0.67,isolate,t12_l0,family_shift,True,False,4.5,1.0,3.5,3.5,0.5,0.0,0.0
avoidance_half,1.0,0.34,revoke,t12_l0,test,True,True,17.5,0.0,0.0,0.0,0.0,0.0,0.0
avoidance_half,1.0,0.34,revoke,t12_l0,family_shift,True,False,9.5,0.0,3.5,3.5,0.5,0.0,0.0
avoidance_half,1.0,0.34,deception_silent,t12_l0,test,True,True,11.5575,0.14875,0.7716666666666666,0.7716666666666666,0.03,0.0,0.0
avoidance_half,1.0,0.34,deception_silent,t12_l0,family_shift,True,False,6.17,0.18,4.76,4.76,0.5,0.0,0.0
avoidance_half,1.0,0.34,deception,t1000_l0,test,True,True,15.16875,0.0,0.7116666666666667,0.7116666666666667,0.0,0.0,0.0
avoidance_half,1.0,0.34,deception,t1000_l0,family_shift,True,False,7.8075,0.0,1.4475,1.4475,0.0,0.0,0.0
avoidance_half,1.0,0.34,isolate,t8_l0,test,True,True,3.0,1.0,0.6666666666666666,0.6666666666666666,0.3333333333333333,0.0,0.0
avoidance_half,1.0,0.34,isolate,t8_l0,family_shift,True,False,3.5,1.0,9.5,9.5,1.0,0.0,0.0
avoidance_half,1.0,0.67,revoke,t12_l0,test,True,True,17.5,0.0,0.0,0.0,0.0,0.0,0.0
avoidance_half,1.0,0.67,revoke,t12_l0,family_shift,True,False,9.5,0.0,3.5,3.5,0.5,0.0,0.0
avoidance_half,1.0,0.67,deception_silent,t12_l0,test,True,True,11.5575,0.14875,0.7716666666666666,0.7716666666666666,0.03,0.0,0.0
avoidance_half,1.0,0.67,deception_silent,t12_l0,family_shift,True,False,6.17,0.18,4.76,4.76,0.5,0.0,0.0
avoidance_half,1.0,0.67,deception,t1000_l0,test,True,True,15.16875,0.0,0.7116666666666667,0.7116666666666667,0.0,0.0,0.0
avoidance_half,1.0,0.67,deception,t1000_l0,family_shift,True,False,7.8075,0.0,1.4475,1.4475,0.0,0.0,0.0
avoidance_half,1.0,0.67,isolate,t8_l0,test,True,True,3.0,1.0,0.6666666666666666,0.6666666666666666,0.3333333333333333,0.0,0.0
avoidance_half,1.0,0.67,isolate,t8_l0,family_shift,True,False,3.5,1.0,9.5,9.5,1.0,0.0,0.0
avoidance_half,3.0,0.34,revoke,t12_l0,test,True,True,17.5,0.0,0.0,0.0,0.0,0.0,0.0
avoidance_half,3.0,0.34,revoke,t12_l0,family_shift,True,False,9.5,0.0,3.5,3.5,0.5,0.0,0.0
avoidance_half,3.0,0.34,deception_silent,t8_l0,test,True,True,10.65625,0.24875,2.0616666666666665,2.0616666666666665,0.3333333333333333,0.0,0.0
avoidance_half,3.0,0.34,deception_silent,t8_l0,family_shift,True,False,5.045,0.325,10.41,10.41,1.0,0.0,0.0
avoidance_half,3.0,0.34,deception,t20_l0,test,True,True,10.92125,0.19875,1.69,1.69,0.15,0.0,0.0
avoidance_half,3.0,0.34,deception,t20_l0,family_shift,True,False,5.1675,0.2825,5.36,5.36,0.6225,0.0,0.0
avoidance_half,3.0,0.34,isolate,t8_l0,test,True,True,3.0,1.0,0.6666666666666666,0.6666666666666666,0.3333333333333333,0.0,0.0
avoidance_half,3.0,0.34,isolate,t8_l0,family_shift,True,False,3.5,1.0,9.5,9.5,1.0,0.0,0.0
avoidance_half,3.0,0.67,revoke,t12_l0,test,True,True,17.5,0.0,0.0,0.0,0.0,0.0,0.0
avoidance_half,3.0,0.67,revoke,t12_l0,family_shift,True,False,9.5,0.0,3.5,3.5,0.5,0.0,0.0
avoidance_half,3.0,0.67,deception_silent,t8_l0,test,True,True,10.65625,0.24875,2.0616666666666665,2.0616666666666665,0.3333333333333333,0.0,0.0
avoidance_half,3.0,0.67,deception_silent,t8_l0,family_shift,True,False,5.045,0.325,10.41,10.41,1.0,0.0,0.0
avoidance_half,3.0,0.67,deception,t12_l1,test,True,True,10.6325,0.24875,2.47,2.47,0.3983333333333333,0.0,0.0
avoidance_half,3.0,0.67,deception,t12_l1,family_shift,True,False,5.045,0.325,9.7575,9.7575,0.9425,0.0,0.0
avoidance_half,3.0,0.67,isolate,t8_l0,test,True,True,3.0,1.0,0.6666666666666666,0.6666666666666666,0.3333333333333333,0.0,0.0
avoidance_half,3.0,0.67,isolate,t8_l0,family_shift,True,False,3.5,1.0,9.5,9.5,1.0,0.0,0.0
avoidance_half,6.0,0.34,revoke,t12_l0,test,True,True,17.5,0.0,0.0,0.0,0.0,0.0,0.0
avoidance_half,6.0,0.34,revoke,t12_l0,family_shift,True,False,9.5,0.0,3.5,3.5,0.5,0.0,0.0
avoidance_half,6.0,0.34,deception_silent,t8_l0,test,True,True,10.65625,0.24875,2.0616666666666665,2.0616666666666665,0.3333333333333333,0.0,0.0
avoidance_half,6.0,0.34,deception_silent,t8_l0,family_shift,True,False,5.045,0.325,10.41,10.41,1.0,0.0,0.0
avoidance_half,6.0,0.34,deception,t20_l0,test,True,True,10.92125,0.19875,1.69,1.69,0.15,0.0,0.0
avoidance_half,6.0,0.34,deception,t20_l0,family_shift,True,False,5.1675,0.2825,5.36,5.36,0.6225,0.0,0.0
avoidance_half,6.0,0.34,isolate,t8_l0,test,True,True,3.0,1.0,0.6666666666666666,0.6666666666666666,0.3333333333333333,0.0,0.0
avoidance_half,6.0,0.34,isolate,t8_l0,family_shift,True,False,3.5,1.0,9.5,9.5,1.0,0.0,0.0
avoidance_half,6.0,0.67,revoke,t5_l0,test,True,True,5.5,0.75,5.333333333333333,5.333333333333333,0.6666666666666666,0.0,0.0
avoidance_half,6.0,0.67,revoke,t5_l0,family_shift,True,False,7.5,0.5,14.5,14.5,1.0,0.0,0.0
avoidance_half,6.0,0.67,deception_silent,t5_l0,test,True,False,2.93375,0.81875,6.206666666666667,6.206666666666667,0.6666666666666666,0.0,0.0
avoidance_half,6.0,0.67,deception_silent,t5_l0,family_shift,True,False,3.82,0.635,15.0175,15.0175,1.0,0.0,0.0
avoidance_half,6.0,0.67,deception,t12_l0,test,True,True,10.55625,0.24875,3.2616666666666667,3.2616666666666667,0.3983333333333333,0.0,0.0
avoidance_half,6.0,0.67,deception,t12_l0,family_shift,True,False,4.9425,0.325,10.68,10.68,0.9425,0.0,0.0
avoidance_half,6.0,0.67,isolate,t5_l0,test,True,True,2.0,1.0,5.333333333333333,5.333333333333333,0.6666666666666666,0.0,0.0
avoidance_half,6.0,0.67,isolate,t5_l0,family_shift,True,False,2.0,1.0,14.5,14.5,1.0,0.0,0.0
avoidance_half,12.0,0.34,revoke,t12_l0,test,True,True,17.5,0.0,0.0,0.0,0.0,0.0,0.0
avoidance_half,12.0,0.34,revoke,t12_l0,family_shift,True,False,9.5,0.0,3.5,3.5,0.5,0.0,0.0
avoidance_half,12.0,0.34,deception_silent,t8_l0,test,True,True,10.65625,0.24875,2.0616666666666665,2.0616666666666665,0.3333333333333333,0.0,0.0
avoidance_half,12.0,0.34,deception_silent,t8_l0,family_shift,True,False,5.045,0.325,10.41,10.41,1.0,0.0,0.0
avoidance_half,12.0,0.34,deception,t20_l0,test,True,True,10.92125,0.19875,1.69,1.69,0.15,0.0,0.0
avoidance_half,12.0,0.34,deception,t20_l0,family_shift,True,False,5.1675,0.2825,5.36,5.36,0.6225,0.0,0.0
avoidance_half,12.0,0.34,isolate,t8_l0,test,True,True,3.0,1.0,0.6666666666666666,0.6666666666666666,0.3333333333333333,0.0,0.0
avoidance_half,12.0,0.34,isolate,t8_l0,family_shift,True,False,3.5,1.0,9.5,9.5,1.0,0.0,0.0
avoidance_half,12.0,0.67,revoke,t5_l0,test,True,True,5.5,0.75,5.333333333333333,5.333333333333333,0.6666666666666666,0.0,0.0
avoidance_half,12.0,0.67,revoke,t5_l0,family_shift,True,False,7.5,0.5,14.5,14.5,1.0,0.0,0.0
avoidance_half,12.0,0.67,deception_silent,t5_l0,test,True,True,2.93375,0.81875,6.206666666666667,6.206666666666667,0.6666666666666666,0.0,0.0
avoidance_half,12.0,0.67,deception_silent,t5_l0,family_shift,True,False,3.82,0.635,15.0175,15.0175,1.0,0.0,0.0
avoidance_half,12.0,0.67,deception,t5_l0,test,True,True,2.93375,0.81875,7.16,7.16,0.6666666666666666,0.0,0.0
avoidance_half,12.0,0.67,deception,t5_l0,family_shift,True,False,3.82,0.635,15.8475,15.8475,1.0,0.0,0.0
avoidance_half,12.0,0.67,isolate,t5_l0,test,True,True,2.0,1.0,5.333333333333333,5.333333333333333,0.6666666666666666,0.0,0.0
avoidance_half,12.0,0.67,isolate,t5_l0,family_shift,True,False,2.0,1.0,14.5,14.5,1.0,0.0,0.0
avoidance_all,0.0,0.34,revoke,t12_l0,test,True,True,17.5,0.0,0.0,0.0,0.0,0.0,0.0
avoidance_all,0.0,0.34,revoke,t12_l0,family_shift,True,False,9.5,0.0,3.5,3.5,0.5,0.0,0.0
avoidance_all,0.0,0.34,deception_silent,t12_l0,test,True,True,17.5,0.0,0.0,0.0,0.0,0.0,0.0
avoidance_all,0.0,0.34,deception_silent,t12_l0,family_shift,True,False,9.5,0.0,3.5,3.5,0.5,0.0,0.0
avoidance_all,0.0,0.34,deception,t12_l0,test,True,True,17.5,0.0,0.0,0.0,0.0,0.0,0.0
avoidance_all,0.0,0.34,deception,t12_l0,family_shift,True,False,9.5,0.0,3.5,3.5,0.5,0.0,0.0
avoidance_all,0.0,0.34,isolate,t12_l0,test,True,True,4.0,1.0,0.0,0.0,0.0,0.0,0.0
avoidance_all,0.0,0.34,isolate,t12_l0,family_shift,True,False,4.5,1.0,3.5,3.5,0.5,0.0,0.0
avoidance_all,0.0,0.67,revoke,t12_l0,test,True,True,17.5,0.0,0.0,0.0,0.0,0.0,0.0
avoidance_all,0.0,0.67,revoke,t12_l0,family_shift,True,False,9.5,0.0,3.5,3.5,0.5,0.0,0.0
avoidance_all,0.0,0.67,deception_silent,t12_l0,test,True,True,17.5,0.0,0.0,0.0,0.0,0.0,0.0
avoidance_all,0.0,0.67,deception_silent,t12_l0,family_shift,True,False,9.5,0.0,3.5,3.5,0.5,0.0,0.0
avoidance_all,0.0,0.67,deception,t12_l0,test,True,True,17.5,0.0,0.0,0.0,0.0,0.0,0.0
avoidance_all,0.0,0.67,deception,t12_l0,family_shift,True,False,9.5,0.0,3.5,3.5,0.5,0.0,0.0
avoidance_all,0.0,0.67,isolate,t12_l0,test,True,True,4.0,1.0,0.0,0.0,0.0,0.0,0.0
avoidance_all,0.0,0.67,isolate,t12_l0,family_shift,True,False,4.5,1.0,3.5,3.5,0.5,0.0,0.0
avoidance_all,1.0,0.34,revoke,t12_l0,test,True,True,17.5,0.0,0.0,0.0,0.0,0.0,0.0
avoidance_all,1.0,0.34,revoke,t12_l0,family_shift,True,False,9.5,0.0,3.5,3.5,0.5,0.0,0.0
avoidance_all,1.0,0.34,deception_silent,t12_l0,test,True,True,17.5,0.0,0.0,0.0,0.0,0.0,0.0
avoidance_all,1.0,0.34,deception_silent,t12_l0,family_shift,True,False,9.5,0.0,3.5,3.5,0.5,0.0,0.0
avoidance_all,1.0,0.34,deception,t12_l0,test,True,True,17.5,0.0,0.0,0.0,0.0,0.0,0.0
avoidance_all,1.0,0.34,deception,t12_l0,family_shift,True,False,9.5,0.0,3.5,3.5,0.5,0.0,0.0
avoidance_all,1.0,0.34,isolate,t8_l0,test,True,True,3.0,1.0,0.6666666666666666,0.6666666666666666,0.3333333333333333,0.0,0.0
avoidance_all,1.0,0.34,isolate,t8_l0,family_shift,True,False,3.5,1.0,9.5,9.5,1.0,0.0,0.0
avoidance_all,1.0,0.67,revoke,t12_l0,test,True,True,17.5,0.0,0.0,0.0,0.0,0.0,0.0
avoidance_all,1.0,0.67,revoke,t12_l0,family_shift,True,False,9.5,0.0,3.5,3.5,0.5,0.0,0.0
avoidance_all,1.0,0.67,deception_silent,t12_l0,test,True,True,17.5,0.0,0.0,0.0,0.0,0.0,0.0
avoidance_all,1.0,0.67,deception_silent,t12_l0,family_shift,True,False,9.5,0.0,3.5,3.5,0.5,0.0,0.0
avoidance_all,1.0,0.67,deception,t12_l0,test,True,True,17.5,0.0,0.0,0.0,0.0,0.0,0.0
avoidance_all,1.0,0.67,deception,t12_l0,family_shift,True,False,9.5,0.0,3.5,3.5,0.5,0.0,0.0
avoidance_all,1.0,0.67,isolate,t8_l0,test,True,True,3.0,1.0,0.6666666666666666,0.6666666666666666,0.3333333333333333,0.0,0.0
avoidance_all,1.0,0.67,isolate,t8_l0,family_shift,True,False,3.5,1.0,9.5,9.5,1.0,0.0,0.0
avoidance_all,3.0,0.34,revoke,t12_l0,test,True,True,17.5,0.0,0.0,0.0,0.0,0.0,0.0
avoidance_all,3.0,0.34,revoke,t12_l0,family_shift,True,False,9.5,0.0,3.5,3.5,0.5,0.0,0.0
avoidance_all,3.0,0.34,deception_silent,t12_l0,test,True,True,17.5,0.0,0.0,0.0,0.0,0.0,0.0
avoidance_all,3.0,0.34,deception_silent,t12_l0,family_shift,True,False,9.5,0.0,3.5,3.5,0.5,0.0,0.0
avoidance_all,3.0,0.34,deception,t12_l0,test,True,True,17.5,0.0,0.0,0.0,0.0,0.0,0.0
avoidance_all,3.0,0.34,deception,t12_l0,family_shift,True,False,9.5,0.0,3.5,3.5,0.5,0.0,0.0
avoidance_all,3.0,0.34,isolate,t8_l0,test,True,True,3.0,1.0,0.6666666666666666,0.6666666666666666,0.3333333333333333,0.0,0.0
avoidance_all,3.0,0.34,isolate,t8_l0,family_shift,True,False,3.5,1.0,9.5,9.5,1.0,0.0,0.0
avoidance_all,3.0,0.67,revoke,t12_l0,test,True,True,17.5,0.0,0.0,0.0,0.0,0.0,0.0
avoidance_all,3.0,0.67,revoke,t12_l0,family_shift,True,False,9.5,0.0,3.5,3.5,0.5,0.0,0.0
avoidance_all,3.0,0.67,deception_silent,t12_l0,test,True,True,17.5,0.0,0.0,0.0,0.0,0.0,0.0
avoidance_all,3.0,0.67,deception_silent,t12_l0,family_shift,True,False,9.5,0.0,3.5,3.5,0.5,0.0,0.0
avoidance_all,3.0,0.67,deception,t12_l0,test,True,True,17.5,0.0,0.0,0.0,0.0,0.0,0.0
avoidance_all,3.0,0.67,deception,t12_l0,family_shift,True,False,9.5,0.0,3.5,3.5,0.5,0.0,0.0
avoidance_all,3.0,0.67,isolate,t8_l0,test,True,True,3.0,1.0,0.6666666666666666,0.6666666666666666,0.3333333333333333,0.0,0.0
avoidance_all,3.0,0.67,isolate,t8_l0,family_shift,True,False,3.5,1.0,9.5,9.5,1.0,0.0,0.0
avoidance_all,6.0,0.34,revoke,t12_l0,test,True,True,17.5,0.0,0.0,0.0,0.0,0.0,0.0
avoidance_all,6.0,0.34,revoke,t12_l0,family_shift,True,False,9.5,0.0,3.5,3.5,0.5,0.0,0.0
avoidance_all,6.0,0.34,deception_silent,t12_l0,test,True,True,17.5,0.0,0.0,0.0,0.0,0.0,0.0
avoidance_all,6.0,0.34,deception_silent,t12_l0,family_shift,True,False,9.5,0.0,3.5,3.5,0.5,0.0,0.0
avoidance_all,6.0,0.34,deception,t12_l0,test,True,True,17.5,0.0,0.0,0.0,0.0,0.0,0.0
avoidance_all,6.0,0.34,deception,t12_l0,family_shift,True,False,9.5,0.0,3.5,3.5,0.5,0.0,0.0
avoidance_all,6.0,0.34,isolate,t8_l0,test,True,True,3.0,1.0,0.6666666666666666,0.6666666666666666,0.3333333333333333,0.0,0.0
avoidance_all,6.0,0.34,isolate,t8_l0,family_shift,True,False,3.5,1.0,9.5,9.5,1.0,0.0,0.0
avoidance_all,6.0,0.67,revoke,t5_l0,test,True,True,5.5,0.75,5.333333333333333,5.333333333333333,0.6666666666666666,0.0,0.0
avoidance_all,6.0,0.67,revoke,t5_l0,family_shift,True,False,7.5,0.5,14.5,14.5,1.0,0.0,0.0
avoidance_all,6.0,0.67,deception_silent,t5_l0,test,True,True,5.5,0.75,5.333333333333333,5.333333333333333,0.6666666666666666,0.0,0.0
avoidance_all,6.0,0.67,deception_silent,t5_l0,family_shift,True,False,7.5,0.5,14.5,14.5,1.0,0.0,0.0
avoidance_all,6.0,0.67,deception,t5_l0,test,True,True,5.5,0.75,5.333333333333333,5.333333333333333,0.6666666666666666,0.0,0.0
avoidance_all,6.0,0.67,deception,t5_l0,family_shift,True,False,7.5,0.5,14.5,14.5,1.0,0.0,0.0
avoidance_all,6.0,0.67,isolate,t5_l0,test,True,True,2.0,1.0,5.333333333333333,5.333333333333333,0.6666666666666666,0.0,0.0
avoidance_all,6.0,0.67,isolate,t5_l0,family_shift,True,False,2.0,1.0,14.5,14.5,1.0,0.0,0.0
avoidance_all,12.0,0.34,revoke,t12_l0,test,True,True,17.5,0.0,0.0,0.0,0.0,0.0,0.0
avoidance_all,12.0,0.34,revoke,t12_l0,family_shift,True,False,9.5,0.0,3.5,3.5,0.5,0.0,0.0
avoidance_all,12.0,0.34,deception_silent,t12_l0,test,True,True,17.5,0.0,0.0,0.0,0.0,0.0,0.0
avoidance_all,12.0,0.34,deception_silent,t12_l0,family_shift,True,False,9.5,0.0,3.5,3.5,0.5,0.0,0.0
avoidance_all,12.0,0.34,deception,t12_l0,test,True,True,17.5,0.0,0.0,0.0,0.0,0.0,0.0
avoidance_all,12.0,0.34,deception,t12_l0,family_shift,True,False,9.5,0.0,3.5,3.5,0.5,0.0,0.0
avoidance_all,12.0,0.34,isolate,t8_l0,test,True,True,3.0,1.0,0.6666666666666666,0.6666666666666666,0.3333333333333333,0.0,0.0
avoidance_all,12.0,0.34,isolate,t8_l0,family_shift,True,False,3.5,1.0,9.5,9.5,1.0,0.0,0.0
avoidance_all,12.0,0.67,revoke,t5_l0,test,True,True,5.5,0.75,5.333333333333333,5.333333333333333,0.6666666666666666,0.0,0.0
avoidance_all,12.0,0.67,revoke,t5_l0,family_shift,True,False,7.5,0.5,14.5,14.5,1.0,0.0,0.0
avoidance_all,12.0,0.67,deception_silent,t5_l0,test,True,True,5.5,0.75,5.333333333333333,5.333333333333333,0.6666666666666666,0.0,0.0
avoidance_all,12.0,0.67,deception_silent,t5_l0,family_shift,True,False,7.5,0.5,14.5,14.5,1.0,0.0,0.0
avoidance_all,12.0,0.67,deception,t5_l0,test,True,True,5.5,0.75,5.333333333333333,5.333333333333333,0.6666666666666666,0.0,0.0
avoidance_all,12.0,0.67,deception,t5_l0,family_shift,True,False,7.5,0.5,14.5,14.5,1.0,0.0,0.0
avoidance_all,12.0,0.67,isolate,t5_l0,test,True,True,2.0,1.0,5.333333333333333,5.333333333333333,0.6666666666666666,0.0,0.0
avoidance_all,12.0,0.67,isolate,t5_l0,family_shift,True,False,2.0,1.0,14.5,14.5,1.0,0.0,0.0
adaptive_avoidance,0.0,0.34,revoke,t12_l0,test,True,True,17.5,0.0,0.0,0.0,0.0,0.0,0.0
adaptive_avoidance,0.0,0.34,revoke,t12_l0,family_shift,True,False,9.5,0.0,3.5,3.5,0.5,0.0,0.0
adaptive_avoidance,0.0,0.34,deception_silent,,test,False,False,,,,,,,
adaptive_avoidance,0.0,0.34,deception_silent,,family_shift,False,False,,,,,,,
adaptive_avoidance,0.0,0.34,deception,,test,False,False,,,,,,,
adaptive_avoidance,0.0,0.34,deception,,family_shift,False,False,,,,,,,
adaptive_avoidance,0.0,0.34,isolate,t12_l0,test,True,True,4.0,1.0,0.0,0.0,0.0,0.0,0.0
adaptive_avoidance,0.0,0.34,isolate,t12_l0,family_shift,True,False,4.5,1.0,3.5,3.5,0.5,0.0,0.0
adaptive_avoidance,0.0,0.67,revoke,t12_l0,test,True,True,17.5,0.0,0.0,0.0,0.0,0.0,0.0
adaptive_avoidance,0.0,0.67,revoke,t12_l0,family_shift,True,False,9.5,0.0,3.5,3.5,0.5,0.0,0.0
adaptive_avoidance,0.0,0.67,deception_silent,,test,False,False,,,,,,,
adaptive_avoidance,0.0,0.67,deception_silent,,family_shift,False,False,,,,,,,
adaptive_avoidance,0.0,0.67,deception,,test,False,False,,,,,,,
adaptive_avoidance,0.0,0.67,deception,,family_shift,False,False,,,,,,,
adaptive_avoidance,0.0,0.67,isolate,t12_l0,test,True,True,4.0,1.0,0.0,0.0,0.0,0.0,0.0
adaptive_avoidance,0.0,0.67,isolate,t12_l0,family_shift,True,False,4.5,1.0,3.5,3.5,0.5,0.0,0.0
adaptive_avoidance,1.0,0.34,revoke,t12_l0,test,True,True,17.5,0.0,0.0,0.0,0.0,0.0,0.0
adaptive_avoidance,1.0,0.34,revoke,t12_l0,family_shift,True,False,9.5,0.0,3.5,3.5,0.5,0.0,0.0
adaptive_avoidance,1.0,0.34,deception_silent,t12_l0,test,True,True,10.24,0.27625,0.96,0.96,0.0,0.0,0.0
adaptive_avoidance,1.0,0.34,deception_silent,t12_l0,family_shift,True,False,5.6975,0.2925,5.2475,5.2475,0.5,0.0,0.0
adaptive_avoidance,1.0,0.34,deception,t1000_l0,test,True,True,15.86,0.0,0.96,0.96,0.0,0.0,0.0
adaptive_avoidance,1.0,0.34,deception,t1000_l0,family_shift,True,False,7.69,0.0,1.8275,1.8275,0.0,0.0,0.0
adaptive_avoidance,1.0,0.34,isolate,t8_l0,test,True,True,3.0,1.0,0.6666666666666666,0.6666666666666666,0.3333333333333333,0.0,0.0
adaptive_avoidance,1.0,0.34,isolate,t8_l0,family_shift,True,False,3.5,1.0,9.5,9.5,1.0,0.0,0.0
adaptive_avoidance,1.0,0.67,revoke,t12_l0,test,True,True,17.5,0.0,0.0,0.0,0.0,0.0,0.0
adaptive_avoidance,1.0,0.67,revoke,t12_l0,family_shift,True,False,9.5,0.0,3.5,3.5,0.5,0.0,0.0
adaptive_avoidance,1.0,0.67,deception_silent,t12_l0,test,True,True,10.24,0.27625,0.96,0.96,0.0,0.0,0.0
adaptive_avoidance,1.0,0.67,deception_silent,t12_l0,family_shift,True,False,5.6975,0.2925,5.2475,5.2475,0.5,0.0,0.0
adaptive_avoidance,1.0,0.67,deception,t1000_l0,test,True,True,15.86,0.0,0.96,0.96,0.0,0.0,0.0
adaptive_avoidance,1.0,0.67,deception,t1000_l0,family_shift,True,False,7.69,0.0,1.8275,1.8275,0.0,0.0,0.0
adaptive_avoidance,1.0,0.67,isolate,t8_l0,test,True,True,3.0,1.0,0.6666666666666666,0.6666666666666666,0.3333333333333333,0.0,0.0
adaptive_avoidance,1.0,0.67,isolate,t8_l0,family_shift,True,False,3.5,1.0,9.5,9.5,1.0,0.0,0.0
adaptive_avoidance,3.0,0.34,revoke,t12_l0,test,True,True,17.5,0.0,0.0,0.0,0.0,0.0,0.0
adaptive_avoidance,3.0,0.34,revoke,t12_l0,family_shift,True,False,9.5,0.0,3.5,3.5,0.5,0.0,0.0
adaptive_avoidance,3.0,0.34,deception_silent,t8_l0,test,True,True,7.71125,0.47375,2.895,2.895,0.3333333333333333,0.0,0.0
adaptive_avoidance,3.0,0.34,deception_silent,t8_l0,family_shift,True,False,2.4525,0.5975,10.9775,10.9775,1.0,0.0,0.0
adaptive_avoidance,3.0,0.34,deception,t20_l0,test,True,True,7.9325,0.41125,2.7383333333333333,2.7383333333333333,0.255,0.0,0.0
adaptive_avoidance,3.0,0.34,deception,t20_l0,family_shift,True,False,2.5875,0.545,8.9375,8.9375,0.9275,0.0,0.0
adaptive_avoidance,3.0,0.34,isolate,t8_l0,test,True,True,3.0,1.0,0.6666666666666666,0.6666666666666666,0.3333333333333333,0.0,0.0
adaptive_avoidance,3.0,0.34,isolate,t8_l0,family_shift,True,False,3.5,1.0,9.5,9.5,1.0,0.0,0.0
adaptive_avoidance,3.0,0.67,revoke,t12_l0,test,True,True,17.5,0.0,0.0,0.0,0.0,0.0,0.0
adaptive_avoidance,3.0,0.67,revoke,t12_l0,family_shift,True,False,9.5,0.0,3.5,3.5,0.5,0.0,0.0
adaptive_avoidance,3.0,0.67,deception_silent,t8_l0,test,True,True,7.71125,0.47375,2.895,2.895,0.3333333333333333,0.0,0.0
adaptive_avoidance,3.0,0.67,deception_silent,t8_l0,family_shift,True,False,2.4525,0.5975,10.9775,10.9775,1.0,0.0,0.0
adaptive_avoidance,3.0,0.67,deception,t20_l0,test,True,True,7.9325,0.41125,2.7383333333333333,2.7383333333333333,0.255,0.0,0.0
adaptive_avoidance,3.0,0.67,deception,t20_l0,family_shift,True,False,2.5875,0.545,8.9375,8.9375,0.9275,0.0,0.0
adaptive_avoidance,3.0,0.67,isolate,t8_l0,test,True,True,3.0,1.0,0.6666666666666666,0.6666666666666666,0.3333333333333333,0.0,0.0
adaptive_avoidance,3.0,0.67,isolate,t8_l0,family_shift,True,False,3.5,1.0,9.5,9.5,1.0,0.0,0.0
adaptive_avoidance,6.0,0.34,revoke,t12_l0,test,True,True,17.5,0.0,0.0,0.0,0.0,0.0,0.0
adaptive_avoidance,6.0,0.34,revoke,t12_l0,family_shift,True,False,9.5,0.0,3.5,3.5,0.5,0.0,0.0
adaptive_avoidance,6.0,0.34,deception_silent,t8_l0,test,True,True,7.71125,0.47375,2.895,2.895,0.3333333333333333,0.0,0.0
adaptive_avoidance,6.0,0.34,deception_silent,t8_l0,family_shift,True,False,2.4525,0.5975,10.9775,10.9775,1.0,0.0,0.0
adaptive_avoidance,6.0,0.34,deception,t20_l0,test,True,True,7.9325,0.41125,2.7383333333333333,2.7383333333333333,0.255,0.0,0.0
adaptive_avoidance,6.0,0.34,deception,t20_l0,family_shift,True,False,2.5875,0.545,8.9375,8.9375,0.9275,0.0,0.0
adaptive_avoidance,6.0,0.34,isolate,t8_l0,test,True,True,3.0,1.0,0.6666666666666666,0.6666666666666666,0.3333333333333333,0.0,0.0
adaptive_avoidance,6.0,0.34,isolate,t8_l0,family_shift,True,False,3.5,1.0,9.5,9.5,1.0,0.0,0.0
adaptive_avoidance,6.0,0.67,revoke,t5_l0,test,True,True,5.5,0.75,5.333333333333333,5.333333333333333,0.6666666666666666,0.0,0.0
adaptive_avoidance,6.0,0.67,revoke,t5_l0,family_shift,True,False,7.5,0.5,14.5,14.5,1.0,0.0,0.0
adaptive_avoidance,6.0,0.67,deception_silent,t5_l1,test,True,True,7.2625,0.55375,5.43,5.43,0.6666666666666666,0.0,0.0
adaptive_avoidance,6.0,0.67,deception_silent,t5_l1,family_shift,True,False,1.675,0.7525,14.4825,14.4825,1.0,0.0,0.0
adaptive_avoidance,6.0,0.67,deception,t12_l0,test,True,True,7.51375,0.47375,5.483333333333333,5.483333333333333,0.57,0.0,0.0
adaptive_avoidance,6.0,0.67,deception,t12_l0,family_shift,True,False,2.2,0.5975,13.6725,13.6725,0.995,0.0,0.0
adaptive_avoidance,6.0,0.67,isolate,t5_l0,test,True,True,2.0,1.0,5.333333333333333,5.333333333333333,0.6666666666666666,0.0,0.0
adaptive_avoidance,6.0,0.67,isolate,t5_l0,family_shift,True,False,2.0,1.0,14.5,14.5,1.0,0.0,0.0
adaptive_avoidance,12.0,0.34,revoke,t12_l0,test,True,True,17.5,0.0,0.0,0.0,0.0,0.0,0.0
adaptive_avoidance,12.0,0.34,revoke,t12_l0,family_shift,True,False,9.5,0.0,3.5,3.5,0.5,0.0,0.0
adaptive_avoidance,12.0,0.34,deception_silent,t8_l0,test,True,True,7.71125,0.47375,2.895,2.895,0.3333333333333333,0.0,0.0
adaptive_avoidance,12.0,0.34,deception_silent,t8_l0,family_shift,True,False,2.4525,0.5975,10.9775,10.9775,1.0,0.0,0.0
adaptive_avoidance,12.0,0.34,deception,t20_l0,test,True,True,7.9325,0.41125,2.7383333333333333,2.7383333333333333,0.255,0.0,0.0
adaptive_avoidance,12.0,0.34,deception,t20_l0,family_shift,True,False,2.5875,0.545,8.9375,8.9375,0.9275,0.0,0.0
adaptive_avoidance,12.0,0.34,isolate,t8_l0,test,True,True,3.0,1.0,0.6666666666666666,0.6666666666666666,0.3333333333333333,0.0,0.0
adaptive_avoidance,12.0,0.34,isolate,t8_l0,family_shift,True,False,3.5,1.0,9.5,9.5,1.0,0.0,0.0
adaptive_avoidance,12.0,0.67,revoke,t5_l0,test,True,True,5.5,0.75,5.333333333333333,5.333333333333333,0.6666666666666666,0.0,0.0
adaptive_avoidance,12.0,0.67,revoke,t5_l0,family_shift,True,False,7.5,0.5,14.5,14.5,1.0,0.0,0.0
adaptive_avoidance,12.0,0.67,deception_silent,t5_l0,test,True,True,1.59375,0.885,6.843333333333334,6.843333333333334,0.6666666666666666,0.0,0.0
adaptive_avoidance,12.0,0.67,deception_silent,t5_l0,family_shift,True,False,1.675,0.7525,15.4825,15.4825,1.0,0.0,0.0
adaptive_avoidance,12.0,0.67,deception,t5_l0,test,True,True,1.59375,0.885,8.375,8.375,0.6666666666666666,0.0,0.0
adaptive_avoidance,12.0,0.67,deception,t5_l0,family_shift,True,False,1.675,0.7525,16.9675,16.9675,1.0,0.0,0.0
adaptive_avoidance,12.0,0.67,isolate,t5_l0,test,True,True,2.0,1.0,5.333333333333333,5.333333333333333,0.6666666666666666,0.0,0.0
adaptive_avoidance,12.0,0.67,isolate,t5_l0,family_shift,True,False,2.0,1.0,14.5,14.5,1.0,0.0,0.0
combined,0.0,0.34,revoke,t12_l0,test,True,True,15.0275,0.01875,0.0,0.0,0.0,0.0,0.0
combined,0.0,0.34,revoke,t12_l0,family_shift,True,False,9.1475,0.0025,3.5,3.5,0.5,0.0,0.0
combined,0.0,0.34,deception_silent,,test,False,False,,,,,,,
combined,0.0,0.34,deception_silent,,family_shift,False,False,,,,,,,
combined,0.0,0.34,deception,,test,False,False,,,,,,,
combined,0.0,0.34,deception,,family_shift,False,False,,,,,,,
combined,0.0,0.34,isolate,t12_l0,test,True,True,12.4,0.2625,0.0,0.0,0.0,0.0,4.3096875
combined,0.0,0.34,isolate,t12_l0,family_shift,True,False,8.075,0.23,4.625,3.5,0.5,1.125,2.875
combined,0.0,0.67,revoke,t12_l0,test,True,True,15.0275,0.01875,0.0,0.0,0.0,0.0,0.0
combined,0.0,0.67,revoke,t12_l0,family_shift,True,False,9.1475,0.0025,3.5,3.5,0.5,0.0,0.0
combined,0.0,0.67,deception_silent,,test,False,False,,,,,,,
combined,0.0,0.67,deception_silent,,family_shift,False,False,,,,,,,
combined,0.0,0.67,deception,,test,False,False,,,,,,,
combined,0.0,0.67,deception,,family_shift,False,False,,,,,,,
combined,0.0,0.67,isolate,t12_l0,test,True,True,12.4,0.2625,0.0,0.0,0.0,0.0,4.3096875
combined,0.0,0.67,isolate,t12_l0,family_shift,True,False,8.075,0.23,4.625,3.5,0.5,1.125,2.875
combined,1.0,0.34,revoke,t8_l0,test,True,True,13.89625,0.12375,0.695,0.695,0.3333333333333333,0.0,0.0
combined,1.0,0.34,revoke,t8_l0,family_shift,True,False,8.9575,0.065,9.5,9.5,1.0,0.0,0.0
combined,1.0,0.34,deception_silent,t12_l0,test,True,True,10.64125,0.19,0.7666666666666667,0.7666666666666667,0.0016666666666666668,0.0,0.0
combined,1.0,0.34,deception_silent,t12_l0,family_shift,True,False,6.225,0.2225,4.6925,4.6925,0.5,0.0,0.0
combined,1.0,0.34,deception,t1000_l0,test,True,True,15.8525,0.0,0.7633333333333333,0.7633333333333333,0.0,0.0,0.0
combined,1.0,0.34,deception,t1000_l0,family_shift,True,False,7.9375,0.0,1.3175,1.3175,0.0,0.0,0.0
combined,1.0,0.34,isolate,t8_l0,test,True,True,11.32,0.34125,0.9520833333333333,0.695,0.3333333333333333,0.25708333333333333,4.6875
combined,1.0,0.34,isolate,t8_l0,family_shift,True,False,7.685,0.2775,12.5,9.5,1.0,3.0,3.565
combined,1.0,0.67,revoke,t8_l0,test,True,True,13.89625,0.12375,0.695,0.695,0.3333333333333333,0.0,0.0
combined,1.0,0.67,revoke,t8_l0,family_shift,True,False,8.9575,0.065,9.5,9.5,1.0,0.0,0.0
combined,1.0,0.67,deception_silent,t12_l0,test,True,True,10.64125,0.19,0.7666666666666667,0.7666666666666667,0.0016666666666666668,0.0,0.0
combined,1.0,0.67,deception_silent,t12_l0,family_shift,True,False,6.225,0.2225,4.6925,4.6925,0.5,0.0,0.0
combined,1.0,0.67,deception,t1000_l0,test,True,True,15.8525,0.0,0.7633333333333333,0.7633333333333333,0.0,0.0,0.0
combined,1.0,0.67,deception,t1000_l0,family_shift,True,False,7.9375,0.0,1.3175,1.3175,0.0,0.0,0.0
combined,1.0,0.67,isolate,t8_l0,test,True,True,11.32,0.34125,0.9520833333333333,0.695,0.3333333333333333,0.25708333333333333,4.6875
combined,1.0,0.67,isolate,t8_l0,family_shift,True,False,7.685,0.2775,12.5,9.5,1.0,3.0,3.565
combined,3.0,0.34,revoke,t8_l0,test,True,True,13.89625,0.12375,0.695,0.695,0.3333333333333333,0.0,0.0
combined,3.0,0.34,revoke,t8_l0,family_shift,True,False,8.9575,0.065,9.5,9.5,1.0,0.0,0.0
combined,3.0,0.34,deception_silent,t8_l0,test,True,True,9.0625,0.34375,1.785,1.785,0.3333333333333333,0.0,0.0
combined,3.0,0.34,deception_silent,t8_l0,family_shift,True,False,5.195,0.365,10.3875,10.3875,1.0,0.0,0.0
combined,3.0,0.34,deception,t20_l0,test,True,True,10.4675,0.205,1.72,1.72,0.14166666666666666,0.0,0.0
combined,3.0,0.34,deception,t20_l0,family_shift,True,False,5.4325,0.2875,5.175,5.175,0.595,0.0,0.0
combined,3.0,0.34,isolate,t8_l0,test,True,True,11.32,0.34125,0.9520833333333333,0.695,0.3333333333333333,0.25708333333333333,4.6875
combined,3.0,0.34,isolate,t8_l0,family_shift,True,False,7.685,0.2775,12.5,9.5,1.0,3.0,3.565
combined,3.0,0.67,revoke,t8_l0,test,True,True,13.89625,0.12375,0.695,0.695,0.3333333333333333,0.0,0.0
combined,3.0,0.67,revoke,t8_l0,family_shift,True,False,8.9575,0.065,9.5,9.5,1.0,0.0,0.0
combined,3.0,0.67,deception_silent,t8_l0,test,True,True,9.0625,0.34375,1.785,1.785,0.3333333333333333,0.0,0.0
combined,3.0,0.67,deception_silent,t8_l0,family_shift,True,False,5.195,0.365,10.3875,10.3875,1.0,0.0,0.0
combined,3.0,0.67,deception,t12_l0,test,True,False,9.7375,0.2725,3.0683333333333334,3.0683333333333334,0.3983333333333333,0.0,0.0
combined,3.0,0.67,deception,t12_l0,family_shift,True,False,5.2425,0.3375,10.675,10.675,0.9425,0.0,0.0
combined,3.0,0.67,isolate,t8_l0,test,True,True,11.32,0.34125,0.9520833333333333,0.695,0.3333333333333333,0.25708333333333333,4.6875
combined,3.0,0.67,isolate,t8_l0,family_shift,True,False,7.685,0.2775,12.5,9.5,1.0,3.0,3.565
combined,6.0,0.34,revoke,t8_l0,test,True,True,13.89625,0.12375,0.695,0.695,0.3333333333333333,0.0,0.0
combined,6.0,0.34,revoke,t8_l0,family_shift,True,False,8.9575,0.065,9.5,9.5,1.0,0.0,0.0
combined,6.0,0.34,deception_silent,t8_l0,test,True,True,9.0625,0.34375,1.785,1.785,0.3333333333333333,0.0,0.0
combined,6.0,0.34,deception_silent,t8_l0,family_shift,True,False,5.195,0.365,10.3875,10.3875,1.0,0.0,0.0
combined,6.0,0.34,deception,t20_l0,test,True,True,10.4675,0.205,1.72,1.72,0.14166666666666666,0.0,0.0
combined,6.0,0.34,deception,t20_l0,family_shift,True,False,5.4325,0.2875,5.175,5.175,0.595,0.0,0.0
combined,6.0,0.34,isolate,t8_l0,test,True,True,11.32,0.34125,0.9520833333333333,0.695,0.3333333333333333,0.25708333333333333,4.6875
combined,6.0,0.34,isolate,t8_l0,family_shift,True,False,7.685,0.2775,12.5,9.5,1.0,3.0,3.565
combined,6.0,0.67,revoke,t5_l0,test,True,True,5.215,0.75,5.333333333333333,5.333333333333333,0.6666666666666666,0.0,0.0
combined,6.0,0.67,revoke,t5_l0,family_shift,True,False,7.165,0.5,14.5,14.5,1.0,0.0,0.0
combined,6.0,0.67,deception_silent,t5_l0,test,True,False,3.09625,0.81875,6.023333333333333,6.023333333333333,0.6666666666666666,0.0,0.0
combined,6.0,0.67,deception_silent,t5_l0,family_shift,True,False,4.1475,0.635,15.0175,15.0175,1.0,0.0,0.0
combined,6.0,0.67,deception,t5_l1,test,True,False,8.3425,0.47625,6.31,6.31,0.6666666666666666,0.0,0.0
combined,6.0,0.67,deception,t5_l1,family_shift,True,False,4.1475,0.635,14.8625,14.8625,1.0,0.0,0.0
combined,6.0,0.67,isolate,t8_l0,test,True,True,11.32,0.34125,0.9520833333333333,0.695,0.3333333333333333,0.25708333333333333,4.6875
combined,6.0,0.67,isolate,t8_l0,family_shift,True,False,7.685,0.2775,12.5,9.5,1.0,3.0,3.565
combined,12.0,0.34,revoke,t8_l0,test,True,True,13.89625,0.12375,0.695,0.695,0.3333333333333333,0.0,0.0
combined,12.0,0.34,revoke,t8_l0,family_shift,True,False,8.9575,0.065,9.5,9.5,1.0,0.0,0.0
combined,12.0,0.34,deception_silent,t8_l0,test,True,True,9.0625,0.34375,1.785,1.785,0.3333333333333333,0.0,0.0
combined,12.0,0.34,deception_silent,t8_l0,family_shift,True,False,5.195,0.365,10.3875,10.3875,1.0,0.0,0.0
combined,12.0,0.34,deception,t20_l0,test,True,True,10.4675,0.205,1.72,1.72,0.14166666666666666,0.0,0.0
combined,12.0,0.34,deception,t20_l0,family_shift,True,False,5.4325,0.2875,5.175,5.175,0.595,0.0,0.0
combined,12.0,0.34,isolate,t8_l0,test,True,True,11.32,0.34125,0.9520833333333333,0.695,0.3333333333333333,0.25708333333333333,4.6875
combined,12.0,0.34,isolate,t8_l0,family_shift,True,False,7.685,0.2775,12.5,9.5,1.0,3.0,3.565
combined,12.0,0.67,revoke,t5_l0,test,True,True,5.215,0.75,5.333333333333333,5.333333333333333,0.6666666666666666,0.0,0.0
combined,12.0,0.67,revoke,t5_l0,family_shift,True,False,7.165,0.5,14.5,14.5,1.0,0.0,0.0
combined,12.0,0.67,deception_silent,t5_l0,test,True,True,3.09625,0.81875,6.023333333333333,6.023333333333333,0.6666666666666666,0.0,0.0
combined,12.0,0.67,deception_silent,t5_l0,family_shift,True,False,4.1475,0.635,15.0175,15.0175,1.0,0.0,0.0
combined,12.0,0.67,deception,t5_l0,test,True,True,3.09625,0.81875,6.99,6.99,0.6666666666666666,0.0,0.0
combined,12.0,0.67,deception,t5_l0,family_shift,True,False,4.1475,0.635,15.8475,15.8475,1.0,0.0,0.0
combined,12.0,0.67,isolate,t5_l0,test,True,True,4.31,0.82,7.333333333333333,5.333333333333333,0.6666666666666666,2.0,5.0625
combined,12.0,0.67,isolate,t5_l0,family_shift,True,False,5.96,0.6175,19.0,14.5,1.0,4.5,4.625
