environment,candidate,policy,threshold,latency,harm,containment,benign_cost,disruption,false_alert,benign_collateral,attack_collateral
ideal,t3_l0,revoke,3.0,0,5.5,0.75,9.0,9.0,0.6666666666666666,0.0,0.0
ideal,t3_l0,deception_silent,3.0,0,1.63125,0.884375,9.958333333333334,9.958333333333334,0.6666666666666666,0.0,0.0
ideal,t3_l0,deception,3.0,0,1.63125,0.884375,9.958333333333334,9.958333333333334,0.6666666666666666,0.0,0.0
ideal,t3_l0,isolate,3.0,0,2.0,1.0,9.0,9.0,0.6666666666666666,0.0,0.0
ideal,t3_l1,revoke,3.0,1,16.0,0.25,8.333333333333334,8.333333333333334,0.6666666666666666,0.0,0.0
ideal,t3_l1,deception_silent,3.0,1,7.409375,0.525,9.291666666666666,9.291666666666666,0.6666666666666666,0.0,0.0
ideal,t3_l1,deception,3.0,1,7.409375,0.525,9.291666666666666,9.291666666666666,0.6666666666666666,0.0,0.0
ideal,t3_l1,isolate,3.0,1,2.75,1.0,8.333333333333334,8.333333333333334,0.6666666666666666,0.0,0.0
ideal,t3_l3,revoke,3.0,3,17.5,0.0,8.0,8.0,0.6666666666666666,0.0,0.0
ideal,t3_l3,deception_silent,3.0,3,8.275,0.365625,8.958333333333334,8.958333333333334,0.6666666666666666,0.0,0.0
ideal,t3_l3,deception,3.0,3,8.275,0.365625,8.958333333333334,8.958333333333334,0.6666666666666666,0.0,0.0
ideal,t3_l3,isolate,3.0,3,4.25,1.0,8.0,8.0,0.6666666666666666,0.0,0.0
ideal,t5_l0,revoke,5.0,0,5.5,0.75,5.333333333333333,5.333333333333333,0.6666666666666666,0.0,0.0
ideal,t5_l0,deception_silent,5.0,0,1.63125,0.884375,6.841666666666667,6.841666666666667,0.6666666666666666,0.0,0.0
ideal,t5_l0,deception,5.0,0,1.63125,0.884375,8.245833333333334,8.245833333333334,0.6666666666666666,0.0,0.0
ideal,t5_l0,isolate,5.0,0,2.0,1.0,5.333333333333333,5.333333333333333,0.6666666666666666,0.0,0.0
ideal,t5_l1,revoke,5.0,1,16.0,0.25,4.666666666666667,4.666666666666667,0.6666666666666666,0.0,0.0
ideal,t5_l1,deception_silent,5.0,1,7.409375,0.525,5.6,5.6,0.6666666666666666,0.0,0.0
ideal,t5_l1,deception,5.0,1,7.409375,0.525,7.579166666666667,7.579166666666667,0.6666666666666666,0.0,0.0
ideal,t5_l1,isolate,5.0,1,2.75,1.0,4.666666666666667,4.666666666666667,0.6666666666666666,0.0,0.0
ideal,t5_l3,revoke,5.0,3,17.5,0.0,4.333333333333333,4.333333333333333,0.6666666666666666,0.0,0.0
ideal,t5_l3,deception_silent,5.0,3,8.275,0.365625,5.266666666666667,5.266666666666667,0.6666666666666666,0.0,0.0
ideal,t5_l3,deception,5.0,3,8.275,0.365625,7.245833333333334,7.245833333333334,0.6666666666666666,0.0,0.0
ideal,t5_l3,isolate,5.0,3,4.25,1.0,4.333333333333333,4.333333333333333,0.6666666666666666,0.0,0.0
ideal,t8_l0,revoke,8.0,0,17.5,0.0,0.6666666666666666,0.6666666666666666,0.3333333333333333,0.0,0.0
ideal,t8_l0,deception_silent,8.0,0,7.809375,0.45,3.3208333333333333,3.3208333333333333,0.3333333333333333,0.0,0.0
ideal,t8_l0,deception,8.0,0,7.703125,0.45,7.416666666666667,7.416666666666667,0.6125,0.0,0.0
ideal,t8_l0,isolate,8.0,0,3.0,1.0,0.6666666666666666,0.6666666666666666,0.3333333333333333,0.0,0.0
ideal,t8_l1,revoke,8.0,1,17.5,0.0,0.3333333333333333,0.3333333333333333,0.3333333333333333,0.0,0.0
ideal,t8_l1,deception_silent,8.0,1,8.171875,0.365625,2.975,2.975,0.3333333333333333,0.0,0.0
ideal,t8_l1,deception,8.0,1,7.721875,0.45,6.804166666666666,6.804166666666666,0.6125,0.0,0.0
ideal,t8_l1,isolate,8.0,1,3.75,1.0,0.3333333333333333,0.3333333333333333,0.3333333333333333,0.0,0.0
ideal,t8_l3,revoke,8.0,3,17.5,0.0,0.0,0.0,0.3333333333333333,0.0,0.0
ideal,t8_l3,deception_silent,8.0,3,8.671875,0.30625,2.6666666666666665,2.6666666666666665,0.3333333333333333,0.0,0.0
ideal,t8_l3,deception,8.0,3,8.303125,0.365625,6.470833333333333,6.470833333333333,0.6125,0.0,0.0
ideal,t8_l3,isolate,8.0,3,5.25,1.0,0.0,0.0,0.3333333333333333,0.0,0.0
ideal,t12_l0,revoke,12.0,0,17.5,0.0,0.0,0.0,0.0,0.0,0.0
ideal,t12_l0,deception_silent,12.0,0,8.396875,0.34375,1.6416666666666666,1.6416666666666666,0.09166666666666666,0.0,0.0
ideal,t12_l0,deception,12.0,0,7.703125,0.45,5.533333333333333,5.533333333333333,0.5875,0.0,0.0
ideal,t12_l0,isolate,12.0,0,4.0,1.0,0.0,0.0,0.0,0.0,0.0
ideal,t12_l1,revoke,12.0,1,17.5,0.0,0.0,0.0,0.0,0.0,0.0
ideal,t12_l1,deception_silent,12.0,1,8.6875,0.30625,1.55,1.55,0.09166666666666666,0.0,0.0
ideal,t12_l1,deception,12.0,1,7.7875,0.45,4.283333333333333,4.283333333333333,0.5875,0.0,0.0
ideal,t12_l1,isolate,12.0,1,4.5,1.0,0.0,0.0,0.0,0.0,0.0
ideal,t12_l3,revoke,12.0,3,17.5,0.0,0.0,0.0,0.0,0.0,0.0
ideal,t12_l3,deception_silent,12.0,3,9.396875,0.184375,1.4583333333333333,1.4583333333333333,0.09166666666666666,0.0,0.0
ideal,t12_l3,deception,12.0,3,8.415625,0.365625,3.975,3.975,0.5875,0.0,0.0
ideal,t12_l3,isolate,12.0,3,6.25,1.0,0.0,0.0,0.0,0.0,0.0
ideal,t20_l0,revoke,20.0,0,17.5,0.0,0.0,0.0,0.0,0.0,0.0
ideal,t20_l0,deception_silent,20.0,0,9.55625,0.16875,1.4583333333333333,1.4583333333333333,0.0,0.0,0.0
ideal,t20_l0,deception,20.0,0,7.915625,0.409375,3.275,3.275,0.31666666666666665,0.0,0.0
ideal,t20_l0,isolate,20.0,0,6.75,1.0,0.0,0.0,0.0,0.0,0.0
ideal,t20_l1,revoke,20.0,1,17.5,0.0,0.0,0.0,0.0,0.0,0.0
ideal,t20_l1,deception_silent,20.0,1,9.84375,0.071875,1.4583333333333333,1.4583333333333333,0.0,0.0,0.0
ideal,t20_l1,deception,20.0,1,8.425,0.34375,2.9458333333333333,2.9458333333333333,0.31666666666666665,0.0,0.0
ideal,t20_l1,isolate,20.0,1,7.5,1.0,0.0,0.0,0.0,0.0,0.0
ideal,t20_l3,revoke,20.0,3,17.5,0.0,0.0,0.0,0.0,0.0,0.0
ideal,t20_l3,deception_silent,20.0,3,10.4,0.046875,1.4583333333333333,1.4583333333333333,0.0,0.0,0.0
ideal,t20_l3,deception,20.0,3,9.115625,0.30625,2.7,2.7,0.31666666666666665,0.0,0.0
ideal,t20_l3,isolate,20.0,3,9.0,1.0,0.0,0.0,0.0,0.0,0.0
ideal,t1000_l0,revoke,1000.0,0,17.5,0.0,0.0,0.0,0.0,0.0,0.0
ideal,t1000_l0,deception_silent,1000.0,0,12.54375,0.0,1.4583333333333333,1.4583333333333333,0.0,0.0,0.0
ideal,t1000_l0,deception,1000.0,0,12.54375,0.0,1.4583333333333333,1.4583333333333333,0.0,0.0,0.0
ideal,t1000_l0,isolate,1000.0,0,17.5,0.0,0.0,0.0,0.0,0.0,0.0
ideal,t1000_l1,revoke,1000.0,1,17.5,0.0,0.0,0.0,0.0,0.0,0.0
ideal,t1000_l1,deception_silent,1000.0,1,12.54375,0.0,1.4583333333333333,1.4583333333333333,0.0,0.0,0.0
ideal,t1000_l1,deception,1000.0,1,12.54375,0.0,1.4583333333333333,1.4583333333333333,0.0,0.0,0.0
ideal,t1000_l1,isolate,1000.0,1,17.5,0.0,0.0,0.0,0.0,0.0,0.0
ideal,t1000_l3,revoke,1000.0,3,17.5,0.0,0.0,0.0,0.0,0.0,0.0
ideal,t1000_l3,deception_silent,1000.0,3,12.54375,0.0,1.4583333333333333,1.4583333333333333,0.0,0.0,0.0
ideal,t1000_l3,deception,1000.0,3,12.54375,0.0,1.4583333333333333,1.4583333333333333,0.0,0.0,0.0
ideal,t1000_l3,isolate,1000.0,3,17.5,0.0,0.0,0.0,0.0,0.0,0.0
coverage_half,t3_l0,revoke,3.0,0,5.5,0.75,9.0,9.0,0.6666666666666666,0.0,0.0
coverage_half,t3_l0,deception_silent,3.0,0,1.63125,0.884375,9.958333333333334,9.958333333333334,0.6666666666666666,0.0,0.0
coverage_half,t3_l0,deception,3.0,0,1.63125,0.884375,9.958333333333334,9.958333333333334,0.6666666666666666,0.0,0.0
coverage_half,t3_l0,isolate,3.0,0,3.575,0.8875,9.0,9.0,0.6666666666666666,0.0,0.0
coverage_half,t3_l1,revoke,3.0,1,16.0,0.25,8.333333333333334,8.333333333333334,0.6666666666666666,0.0,0.0
coverage_half,t3_l1,deception_silent,3.0,1,7.409375,0.525,9.291666666666666,9.291666666666666,0.6666666666666666,0.0,0.0
coverage_half,t3_l1,deception,3.0,1,7.409375,0.525,9.291666666666666,9.291666666666666,0.6666666666666666,0.0,0.0
coverage_half,t3_l1,isolate,3.0,1,8.5875,0.66875,8.333333333333334,8.333333333333334,0.6666666666666666,0.0,0.0
coverage_half,t3_l3,revoke,3.0,3,17.5,0.0,8.0,8.0,0.6666666666666666,0.0,0.0
coverage_half,t3_l3,deception_silent,3.0,3,8.275,0.365625,8.958333333333334,8.958333333333334,0.6666666666666666,0.0,0.0
coverage_half,t3_l3,deception,3.0,3,8.275,0.365625,8.958333333333334,8.958333333333334,0.6666666666666666,0.0,0.0
coverage_half,t3_l3,isolate,3.0,3,10.1625,0.54375,8.0,8.0,0.6666666666666666,0.0,0.0
coverage_half,t5_l0,revoke,5.0,0,5.5,0.75,5.333333333333333,5.333333333333333,0.6666666666666666,0.0,0.0
coverage_half,t5_l0,deception_silent,5.0,0,1.63125,0.884375,6.841666666666667,6.841666666666667,0.6666666666666666,0.0,0.0
coverage_half,t5_l0,deception,5.0,0,1.63125,0.884375,8.245833333333334,8.245833333333334,0.6666666666666666,0.0,0.0
coverage_half,t5_l0,isolate,5.0,0,3.575,0.8875,5.333333333333333,5.333333333333333,0.6666666666666666,0.0,0.0
coverage_half,t5_l1,revoke,5.0,1,16.0,0.25,4.666666666666667,4.666666666666667,0.6666666666666666,0.0,0.0
coverage_half,t5_l1,deception_silent,5.0,1,7.409375,0.525,5.6,5.6,0.6666666666666666,0.0,0.0
coverage_half,t5_l1,deception,5.0,1,7.409375,0.525,7.579166666666667,7.579166666666667,0.6666666666666666,0.0,0.0
coverage_half,t5_l1,isolate,5.0,1,8.5875,0.66875,4.666666666666667,4.666666666666667,0.6666666666666666,0.0,0.0
coverage_half,t5_l3,revoke,5.0,3,17.5,0.0,4.333333333333333,4.333333333333333,0.6666666666666666,0.0,0.0
coverage_half,t5_l3,deception_silent,5.0,3,8.275,0.365625,5.266666666666667,5.266666666666667,0.6666666666666666,0.0,0.0
coverage_half,t5_l3,deception,5.0,3,8.275,0.365625,7.245833333333334,7.245833333333334,0.6666666666666666,0.0,0.0
coverage_half,t5_l3,isolate,5.0,3,10.1625,0.54375,4.333333333333333,4.333333333333333,0.6666666666666666,0.0,0.0
coverage_half,t8_l0,revoke,8.0,0,17.5,0.0,0.6666666666666666,0.6666666666666666,0.3333333333333333,0.0,0.0
coverage_half,t8_l0,deception_silent,8.0,0,7.809375,0.45,3.3208333333333333,3.3208333333333333,0.3333333333333333,0.0,0.0
coverage_half,t8_l0,deception,8.0,0,7.703125,0.45,7.416666666666667,7.416666666666667,0.6125,0.0,0.0
coverage_half,t8_l0,isolate,8.0,0,9.4625,0.54375,0.6666666666666666,0.6666666666666666,0.3333333333333333,0.0,0.0
coverage_half,t8_l1,revoke,8.0,1,17.5,0.0,0.3333333333333333,0.3333333333333333,0.3333333333333333,0.0,0.0
coverage_half,t8_l1,deception_silent,8.0,1,8.171875,0.365625,2.975,2.975,0.3333333333333333,0.0,0.0
coverage_half,t8_l1,deception,8.0,1,7.721875,0.45,6.804166666666666,6.804166666666666,0.6125,0.0,0.0
coverage_half,t8_l1,isolate,8.0,1,9.88125,0.54375,0.3333333333333333,0.3333333333333333,0.3333333333333333,0.0,0.0
coverage_half,t8_l3,revoke,8.0,3,17.5,0.0,0.0,0.0,0.3333333333333333,0.0,0.0
coverage_half,t8_l3,deception_silent,8.0,3,8.671875,0.30625,2.6666666666666665,2.6666666666666665,0.3333333333333333,0.0,0.0
coverage_half,t8_l3,deception,8.0,3,8.303125,0.365625,6.470833333333333,6.470833333333333,0.6125,0.0,0.0
coverage_half,t8_l3,isolate,8.0,3,10.70625,0.54375,0.0,0.0,0.3333333333333333,0.0,0.0
coverage_half,t12_l0,revoke,12.0,0,17.5,0.0,0.0,0.0,0.0,0.0,0.0
coverage_half,t12_l0,deception_silent,12.0,0,8.396875,0.34375,1.6416666666666666,1.6416666666666666,0.09166666666666666,0.0,0.0
coverage_half,t12_l0,deception,12.0,0,7.703125,0.45,5.533333333333333,5.533333333333333,0.5875,0.0,0.0
coverage_half,t12_l0,isolate,12.0,0,10.00625,0.54375,0.0,0.0,0.0,0.0,0.0
coverage_half,t12_l1,revoke,12.0,1,17.5,0.0,0.0,0.0,0.0,0.0,0.0
coverage_half,t12_l1,deception_silent,12.0,1,8.6875,0.30625,1.55,1.55,0.09166666666666666,0.0,0.0
coverage_half,t12_l1,deception,12.0,1,7.7875,0.45,4.283333333333333,4.283333333333333,0.5875,0.0,0.0
coverage_half,t12_l1,isolate,12.0,1,10.2875,0.54375,0.0,0.0,0.0,0.0,0.0
coverage_half,t12_l3,revoke,12.0,3,17.5,0.0,0.0,0.0,0.0,0.0,0.0
coverage_half,t12_l3,deception_silent,12.0,3,9.396875,0.184375,1.4583333333333333,1.4583333333333333,0.09166666666666666,0.0,0.0
coverage_half,t12_l3,deception,12.0,3,8.415625,0.365625,3.975,3.975,0.5875,0.0,0.0
coverage_half,t12_l3,isolate,12.0,3,11.25,0.54375,0.0,0.0,0.0,0.0,0.0
coverage_half,t20_l0,revoke,20.0,0,17.5,0.0,0.0,0.0,0.0,0.0,0.0
coverage_half,t20_l0,deception_silent,20.0,0,9.55625,0.16875,1.4583333333333333,1.4583333333333333,0.0,0.0,0.0
coverage_half,t20_l0,deception,20.0,0,7.915625,0.409375,3.275,3.275,0.31666666666666665,0.0,0.0
coverage_half,t20_l0,isolate,20.0,0,11.5,0.54375,0.0,0.0,0.0,0.0,0.0
coverage_half,t20_l1,revoke,20.0,1,17.5,0.0,0.0,0.0,0.0,0.0,0.0
coverage_half,t20_l1,deception_silent,20.0,1,9.84375,0.071875,1.4583333333333333,1.4583333333333333,0.0,0.0,0.0
coverage_half,t20_l1,deception,20.0,1,8.425,0.34375,2.9458333333333333,2.9458333333333333,0.31666666666666665,0.0,0.0
coverage_half,t20_l1,isolate,20.0,1,11.91875,0.54375,0.0,0.0,0.0,0.0,0.0
coverage_half,t20_l3,revoke,20.0,3,17.5,0.0,0.0,0.0,0.0,0.0,0.0
coverage_half,t20_l3,deception_silent,20.0,3,10.4,0.046875,1.4583333333333333,1.4583333333333333,0.0,0.0,0.0
coverage_half,t20_l3,deception,20.0,3,9.115625,0.30625,2.7,2.7,0.31666666666666665,0.0,0.0
coverage_half,t20_l3,isolate,20.0,3,12.74375,0.54375,0.0,0.0,0.0,0.0,0.0
coverage_half,t1000_l0,revoke,1000.0,0,17.5,0.0,0.0,0.0,0.0,0.0,0.0
coverage_half,t1000_l0,deception_silent,1000.0,0,12.54375,0.0,1.4583333333333333,1.4583333333333333,0.0,0.0,0.0
coverage_half,t1000_l0,deception,1000.0,0,12.54375,0.0,1.4583333333333333,1.4583333333333333,0.0,0.0,0.0
coverage_half,t1000_l0,isolate,1000.0,0,17.5,0.0,0.0,0.0,0.0,0.0,0.0
coverage_half,t1000_l1,revoke,1000.0,1,17.5,0.0,0.0,0.0,0.0,0.0,0.0
coverage_half,t1000_l1,deception_silent,1000.0,1,12.54375,0.0,1.4583333333333333,1.4583333333333333,0.0,0.0,0.0
coverage_half,t1000_l1,deception,1000.0,1,12.54375,0.0,1.4583333333333333,1.4583333333333333,0.0,0.0,0.0
coverage_half,t1000_l1,isolate,1000.0,1,17.5,0.0,0.0,0.0,0.0,0.0,0.0
coverage_half,t1000_l3,revoke,1000.0,3,17.5,0.0,0.0,0.0,0.0,0.0,0.0
coverage_half,t1000_l3,deception_silent,1000.0,3,12.54375,0.0,1.4583333333333333,1.4583333333333333,0.0,0.0,0.0
coverage_half,t1000_l3,deception,1000.0,3,12.54375,0.0,1.4583333333333333,1.4583333333333333,0.0,0.0,0.0
coverage_half,t1000_l3,isolate,1000.0,3,17.5,0.0,0.0,0.0,0.0,0.0,0.0
reliability_half,t3_l0,revoke,3.0,0,5.5,0.75,9.0,9.0,0.6666666666666666,0.0,0.0
reliability_half,t3_l0,deception_silent,3.0,0,1.63125,0.884375,9.958333333333334,9.958333333333334,0.6666666666666666,0.0,0.0
reliability_half,t3_l0,deception,3.0,0,1.63125,0.884375,9.958333333333334,9.958333333333334,0.6666666666666666,0.0,0.0
reliability_half,t3_l0,isolate,3.0,0,3.225,0.9125,9.0,9.0,0.6666666666666666,0.0,0.0
reliability_half,t3_l1,revoke,3.0,1,16.0,0.25,8.333333333333334,8.333333333333334,0.6666666666666666,0.0,0.0
reliability_half,t3_l1,deception_silent,3.0,1,7.409375,0.525,9.291666666666666,9.291666666666666,0.6666666666666666,0.0,0.0
reliability_half,t3_l1,deception,3.0,1,7.409375,0.525,9.291666666666666,9.291666666666666,0.6666666666666666,0.0,0.0
reliability_half,t3_l1,isolate,3.0,1,9.1375,0.65,8.333333333333334,8.333333333333334,0.6666666666666666,0.0,0.0
reliability_half,t3_l3,revoke,3.0,3,17.5,0.0,8.0,8.0,0.6666666666666666,0.0,0.0
reliability_half,t3_l3,deception_silent,3.0,3,8.275,0.365625,8.958333333333334,8.958333333333334,0.6666666666666666,0.0,0.0
reliability_half,t3_l3,deception,3.0,3,8.275,0.365625,8.958333333333334,8.958333333333334,0.6666666666666666,0.0,0.0
reliability_half,t3_l3,isolate,3.0,3,10.696875,0.515625,8.0,8.0,0.6666666666666666,0.0,0.0
reliability_half,t5_l0,revoke,5.0,0,5.5,0.75,5.333333333333333,5.333333333333333,0.6666666666666666,0.0,0.0
reliability_half,t5_l0,deception_silent,5.0,0,1.63125,0.884375,6.841666666666667,6.841666666666667,0.6666666666666666,0.0,0.0
reliability_half,t5_l0,deception,5.0,0,1.63125,0.884375,8.245833333333334,8.245833333333334,0.6666666666666666,0.0,0.0
reliability_half,t5_l0,isolate,5.0,0,3.225,0.9125,5.333333333333333,5.333333333333333,0.6666666666666666,0.0,0.0
reliability_half,t5_l1,revoke,5.0,1,16.0,0.25,4.666666666666667,4.666666666666667,0.6666666666666666,0.0,0.0
reliability_half,t5_l1,deception_silent,5.0,1,7.409375,0.525,5.6,5.6,0.6666666666666666,0.0,0.0
reliability_half,t5_l1,deception,5.0,1,7.409375,0.525,7.579166666666667,7.579166666666667,0.6666666666666666,0.0,0.0
reliability_half,t5_l1,isolate,5.0,1,9.1375,0.65,4.666666666666667,4.666666666666667,0.6666666666666666,0.0,0.0
reliability_half,t5_l3,revoke,5.0,3,17.5,0.0,4.333333333333333,4.333333333333333,0.6666666666666666,0.0,0.0
reliability_half,t5_l3,deception_silent,5.0,3,8.275,0.365625,5.266666666666667,5.266666666666667,0.6666666666666666,0.0,0.0
reliability_half,t5_l3,deception,5.0,3,8.275,0.365625,7.245833333333334,7.245833333333334,0.6666666666666666,0.0,0.0
reliability_half,t5_l3,isolate,5.0,3,10.696875,0.515625,4.333333333333333,4.333333333333333,0.6666666666666666,0.0,0.0
reliability_half,t8_l0,revoke,8.0,0,17.5,0.0,0.6666666666666666,0.6666666666666666,0.3333333333333333,0.0,0.0
reliability_half,t8_l0,deception_silent,8.0,0,7.809375,0.45,3.3208333333333333,3.3208333333333333,0.3333333333333333,0.0,0.0
reliability_half,t8_l0,deception,8.0,0,7.703125,0.45,7.416666666666667,7.416666666666667,0.6125,0.0,0.0
reliability_half,t8_l0,isolate,8.0,0,10.059375,0.515625,0.6666666666666666,0.6666666666666666,0.3333333333333333,0.0,0.0
reliability_half,t8_l1,revoke,8.0,1,17.5,0.0,0.3333333333333333,0.3333333333333333,0.3333333333333333,0.0,0.0
reliability_half,t8_l1,deception_silent,8.0,1,8.171875,0.365625,2.975,2.975,0.3333333333333333,0.0,0.0
reliability_half,t8_l1,deception,8.0,1,7.721875,0.45,6.804166666666666,6.804166666666666,0.6125,0.0,0.0
reliability_half,t8_l1,isolate,8.0,1,10.459375,0.515625,0.3333333333333333,0.3333333333333333,0.3333333333333333,0.0,0.0
reliability_half,t8_l3,revoke,8.0,3,17.5,0.0,0.0,0.0,0.3333333333333333,0.0,0.0
reliability_half,t8_l3,deception_silent,8.0,3,8.671875,0.30625,2.6666666666666665,2.6666666666666665,0.3333333333333333,0.0,0.0
reliability_half,t8_l3,deception,8.0,3,8.303125,0.365625,6.470833333333333,6.470833333333333,0.6125,0.0,0.0
reliability_half,t8_l3,isolate,8.0,3,11.2125,0.515625,0.0,0.0,0.3333333333333333,0.0,0.0
reliability_half,t12_l0,revoke,12.0,0,17.5,0.0,0.0,0.0,0.0,0.0,0.0
reliability_half,t12_l0,deception_silent,12.0,0,8.396875,0.34375,1.6416666666666666,1.6416666666666666,0.09166666666666666,0.0,0.0
reliability_half,t12_l0,deception,12.0,0,7.703125,0.45,5.533333333333333,5.533333333333333,0.5875,0.0,0.0
reliability_half,t12_l0,isolate,12.0,0,10.575,0.515625,0.0,0.0,0.0,0.0,0.0
reliability_half,t12_l1,revoke,12.0,1,17.5,0.0,0.0,0.0,0.0,0.0,0.0
reliability_half,t12_l1,deception_silent,12.0,1,8.6875,0.30625,1.55,1.55,0.09166666666666666,0.0,0.0
reliability_half,t12_l1,deception,12.0,1,7.7875,0.45,4.283333333333333,4.283333333333333,0.5875,0.0,0.0
reliability_half,t12_l1,isolate,12.0,1,10.8125,0.515625,0.0,0.0,0.0,0.0,0.0
reliability_half,t12_l3,revoke,12.0,3,17.5,0.0,0.0,0.0,0.0,0.0,0.0
reliability_half,t12_l3,deception_silent,12.0,3,9.396875,0.184375,1.4583333333333333,1.4583333333333333,0.09166666666666666,0.0,0.0
reliability_half,t12_l3,deception,12.0,3,8.415625,0.365625,3.975,3.975,0.5875,0.0,0.0
reliability_half,t12_l3,isolate,12.0,3,11.728125,0.515625,0.0,0.0,0.0,0.0,0.0
reliability_half,t20_l0,revoke,20.0,0,17.5,0.0,0.0,0.0,0.0,0.0,0.0
reliability_half,t20_l0,deception_silent,20.0,0,9.55625,0.16875,1.4583333333333333,1.4583333333333333,0.0,0.0,0.0
reliability_half,t20_l0,deception,20.0,0,7.915625,0.409375,3.275,3.275,0.31666666666666665,0.0,0.0
reliability_half,t20_l0,isolate,20.0,0,11.959375,0.515625,0.0,0.0,0.0,0.0,0.0
reliability_half,t20_l1,revoke,20.0,1,17.5,0.0,0.0,0.0,0.0,0.0,0.0
reliability_half,t20_l1,deception_silent,20.0,1,9.84375,0.071875,1.4583333333333333,1.4583333333333333,0.0,0.0,0.0
reliability_half,t20_l1,deception,20.0,1,8.425,0.34375,2.9458333333333333,2.9458333333333333,0.31666666666666665,0.0,0.0
reliability_half,t20_l1,isolate,20.0,1,12.359375,0.515625,0.0,0.0,0.0,0.0,0.0
reliability_half,t20_l3,revoke,20.0,3,17.5,0.0,0.0,0.0,0.0,0.0,0.0
reliability_half,t20_l3,deception_silent,20.0,3,10.4,0.046875,1.4583333333333333,1.4583333333333333,0.0,0.0,0.0
reliability_half,t20_l3,deception,20.0,3,9.115625,0.30625,2.7,2.7,0.31666666666666665,0.0,0.0
reliability_half,t20_l3,isolate,20.0,3,13.1125,0.515625,0.0,0.0,0.0,0.0,0.0
reliability_half,t1000_l0,revoke,1000.0,0,17.5,0.0,0.0,0.0,0.0,0.0,0.0
reliability_half,t1000_l0,deception_silent,1000.0,0,12.54375,0.0,1.4583333333333333,1.4583333333333333,0.0,0.0,0.0
reliability_half,t1000_l0,deception,1000.0,0,12.54375,0.0,1.4583333333333333,1.4583333333333333,0.0,0.0,0.0
reliability_half,t1000_l0,isolate,1000.0,0,17.5,0.0,0.0,0.0,0.0,0.0,0.0
reliability_half,t1000_l1,revoke,1000.0,1,17.5,0.0,0.0,0.0,0.0,0.0,0.0
reliability_half,t1000_l1,deception_silent,1000.0,1,12.54375,0.0,1.4583333333333333,1.4583333333333333,0.0,0.0,0.0
reliability_half,t1000_l1,deception,1000.0,1,12.54375,0.0,1.4583333333333333,1.4583333333333333,0.0,0.0,0.0
reliability_half,t1000_l1,isolate,1000.0,1,17.5,0.0,0.0,0.0,0.0,0.0,0.0
reliability_half,t1000_l3,revoke,1000.0,3,17.5,0.0,0.0,0.0,0.0,0.0,0.0
reliability_half,t1000_l3,deception_silent,1000.0,3,12.54375,0.0,1.4583333333333333,1.4583333333333333,0.0,0.0,0.0
reliability_half,t1000_l3,deception,1000.0,3,12.54375,0.0,1.4583333333333333,1.4583333333333333,0.0,0.0,0.0
reliability_half,t1000_l3,isolate,1000.0,3,17.5,0.0,0.0,0.0,0.0,0.0,0.0
collateral_quarter,t3_l0,revoke,3.0,0,5.5,0.75,9.0,9.0,0.6666666666666666,0.0,0.0
collateral_quarter,t3_l0,deception_silent,3.0,0,1.63125,0.884375,9.958333333333334,9.958333333333334,0.6666666666666666,0.0,0.0
collateral_quarter,t3_l0,deception,3.0,0,1.63125,0.884375,9.958333333333334,9.958333333333334,0.6666666666666666,0.0,0.0
collateral_quarter,t3_l0,isolate,3.0,0,2.0,1.0,12.333333333333334,9.0,0.6666666666666666,3.3333333333333335,5.0625
collateral_quarter,t3_l1,revoke,3.0,1,16.0,0.25,8.333333333333334,8.333333333333334,0.6666666666666666,0.0,0.0
collateral_quarter,t3_l1,deception_silent,3.0,1,7.409375,0.525,9.291666666666666,9.291666666666666,0.6666666666666666,0.0,0.0
collateral_quarter,t3_l1,deception,3.0,1,7.409375,0.525,9.291666666666666,9.291666666666666,0.6666666666666666,0.0,0.0
collateral_quarter,t3_l1,isolate,3.0,1,2.75,1.0,11.5,8.333333333333334,0.6666666666666666,3.1666666666666665,4.8125
collateral_quarter,t3_l3,revoke,3.0,3,17.5,0.0,8.0,8.0,0.6666666666666666,0.0,0.0
collateral_quarter,t3_l3,deception_silent,3.0,3,8.275,0.365625,8.958333333333334,8.958333333333334,0.6666666666666666,0.0,0.0
collateral_quarter,t3_l3,deception,3.0,3,8.275,0.365625,8.958333333333334,8.958333333333334,0.6666666666666666,0.0,0.0
collateral_quarter,t3_l3,isolate,3.0,3,4.25,1.0,10.833333333333334,8.0,0.6666666666666666,2.8333333333333335,4.3125
collateral_quarter,t5_l0,revoke,5.0,0,5.5,0.75,5.333333333333333,5.333333333333333,0.6666666666666666,0.0,0.0
collateral_quarter,t5_l0,deception_silent,5.0,0,1.63125,0.884375,6.841666666666667,6.841666666666667,0.6666666666666666,0.0,0.0
collateral_quarter,t5_l0,deception,5.0,0,1.63125,0.884375,8.245833333333334,8.245833333333334,0.6666666666666666,0.0,0.0
collateral_quarter,t5_l0,isolate,5.0,0,2.0,1.0,7.333333333333333,5.333333333333333,0.6666666666666666,2.0,5.0625
collateral_quarter,t5_l1,revoke,5.0,1,16.0,0.25,4.666666666666667,4.666666666666667,0.6666666666666666,0.0,0.0
collateral_quarter,t5_l1,deception_silent,5.0,1,7.409375,0.525,5.6,5.6,0.6666666666666666,0.0,0.0
collateral_quarter,t5_l1,deception,5.0,1,7.409375,0.525,7.579166666666667,7.579166666666667,0.6666666666666666,0.0,0.0
collateral_quarter,t5_l1,isolate,5.0,1,2.75,1.0,6.5,4.666666666666667,0.6666666666666666,1.8333333333333333,4.8125
collateral_quarter,t5_l3,revoke,5.0,3,17.5,0.0,4.333333333333333,4.333333333333333,0.6666666666666666,0.0,0.0
collateral_quarter,t5_l3,deception_silent,5.0,3,8.275,0.365625,5.266666666666667,5.266666666666667,0.6666666666666666,0.0,0.0
collateral_quarter,t5_l3,deception,5.0,3,8.275,0.365625,7.245833333333334,7.245833333333334,0.6666666666666666,0.0,0.0
collateral_quarter,t5_l3,isolate,5.0,3,4.25,1.0,5.833333333333333,4.333333333333333,0.6666666666666666,1.5,4.3125
collateral_quarter,t8_l0,revoke,8.0,0,17.5,0.0,0.6666666666666666,0.6666666666666666,0.3333333333333333,0.0,0.0
collateral_quarter,t8_l0,deception_silent,8.0,0,7.809375,0.45,3.3208333333333333,3.3208333333333333,0.3333333333333333,0.0,0.0
collateral_quarter,t8_l0,deception,8.0,0,7.703125,0.45,7.416666666666667,7.416666666666667,0.6125,0.0,0.0
collateral_quarter,t8_l0,isolate,8.0,0,3.0,1.0,0.9166666666666666,0.6666666666666666,0.3333333333333333,0.25,4.6875
collateral_quarter,t8_l1,revoke,8.0,1,17.5,0.0,0.3333333333333333,0.3333333333333333,0.3333333333333333,0.0,0.0
collateral_quarter,t8_l1,deception_silent,8.0,1,8.171875,0.365625,2.975,2.975,0.3333333333333333,0.0,0.0
collateral_quarter,t8_l1,deception,8.0,1,7.721875,0.45,6.804166666666666,6.804166666666666,0.6125,0.0,0.0
collateral_quarter,t8_l1,isolate,8.0,1,3.75,1.0,0.5,0.3333333333333333,0.3333333333333333,0.16666666666666666,4.4375
collateral_quarter,t8_l3,revoke,8.0,3,17.5,0.0,0.0,0.0,0.3333333333333333,0.0,0.0
collateral_quarter,t8_l3,deception_silent,8.0,3,8.671875,0.30625,2.6666666666666665,2.6666666666666665,0.3333333333333333,0.0,0.0
collateral_quarter,t8_l3,deception,8.0,3,8.303125,0.365625,6.470833333333333,6.470833333333333,0.6125,0.0,0.0
collateral_quarter,t8_l3,isolate,8.0,3,5.25,1.0,0.0,0.0,0.3333333333333333,0.0,3.9375
collateral_quarter,t12_l0,revoke,12.0,0,17.5,0.0,0.0,0.0,0.0,0.0,0.0
collateral_quarter,t12_l0,deception_silent,12.0,0,8.396875,0.34375,1.6416666666666666,1.6416666666666666,0.09166666666666666,0.0,0.0
collateral_quarter,t12_l0,deception,12.0,0,7.703125,0.45,5.533333333333333,5.533333333333333,0.5875,0.0,0.0
collateral_quarter,t12_l0,isolate,12.0,0,4.0,1.0,0.0,0.0,0.0,0.0,4.3125
collateral_quarter,t12_l1,revoke,12.0,1,17.5,0.0,0.0,0.0,0.0,0.0,0.0
collateral_quarter,t12_l1,deception_silent,12.0,1,8.6875,0.30625,1.55,1.55,0.09166666666666666,0.0,0.0
collateral_quarter,t12_l1,deception,12.0,1,7.7875,0.45,4.283333333333333,4.283333333333333,0.5875,0.0,0.0
collateral_quarter,t12_l1,isolate,12.0,1,4.5,1.0,0.0,0.0,0.0,0.0,4.0625
collateral_quarter,t12_l3,revoke,12.0,3,17.5,0.0,0.0,0.0,0.0,0.0,0.0
collateral_quarter,t12_l3,deception_silent,12.0,3,9.396875,0.184375,1.4583333333333333,1.4583333333333333,0.09166666666666666,0.0,0.0
collateral_quarter,t12_l3,deception,12.0,3,8.415625,0.365625,3.975,3.975,0.5875,0.0,0.0
collateral_quarter,t12_l3,isolate,12.0,3,6.25,1.0,0.0,0.0,0.0,0.0,3.5625
collateral_quarter,t20_l0,revoke,20.0,0,17.5,0.0,0.0,0.0,0.0,0.0,0.0
collateral_quarter,t20_l0,deception_silent,20.0,0,9.55625,0.16875,1.4583333333333333,1.4583333333333333,0.0,0.0,0.0
collateral_quarter,t20_l0,deception,20.0,0,7.915625,0.409375,3.275,3.275,0.31666666666666665,0.0,0.0
collateral_quarter,t20_l0,isolate,20.0,0,6.75,1.0,0.0,0.0,0.0,0.0,3.125
collateral_quarter,t20_l1,revoke,20.0,1,17.5,0.0,0.0,0.0,0.0,0.0,0.0
collateral_quarter,t20_l1,deception_silent,20.0,1,9.84375,0.071875,1.4583333333333333,1.4583333333333333,0.0,0.0,0.0
collateral_quarter,t20_l1,deception,20.0,1,8.425,0.34375,2.9458333333333333,2.9458333333333333,0.31666666666666665,0.0,0.0
collateral_quarter,t20_l1,isolate,20.0,1,7.5,1.0,0.0,0.0,0.0,0.0,2.875
collateral_quarter,t20_l3,revoke,20.0,3,17.5,0.0,0.0,0.0,0.0,0.0,0.0
collateral_quarter,t20_l3,deception_silent,20.0,3,10.4,0.046875,1.4583333333333333,1.4583333333333333,0.0,0.0,0.0
collateral_quarter,t20_l3,deception,20.0,3,9.115625,0.30625,2.7,2.7,0.31666666666666665,0.0,0.0
collateral_quarter,t20_l3,isolate,20.0,3,9.0,1.0,0.0,0.0,0.0,0.0,2.375
collateral_quarter,t1000_l0,revoke,1000.0,0,17.5,0.0,0.0,0.0,0.0,0.0,0.0
collateral_quarter,t1000_l0,deception_silent,1000.0,0,12.54375,0.0,1.4583333333333333,1.4583333333333333,0.0,0.0,0.0
collateral_quarter,t1000_l0,deception,1000.0,0,12.54375,0.0,1.4583333333333333,1.4583333333333333,0.0,0.0,0.0
collateral_quarter,t1000_l0,isolate,1000.0,0,17.5,0.0,0.0,0.0,0.0,0.0,0.0
collateral_quarter,t1000_l1,revoke,1000.0,1,17.5,0.0,0.0,0.0,0.0,0.0,0.0
collateral_quarter,t1000_l1,deception_silent,1000.0,1,12.54375,0.0,1.4583333333333333,1.4583333333333333,0.0,0.0,0.0
collateral_quarter,t1000_l1,deception,1000.0,1,12.54375,0.0,1.4583333333333333,1.4583333333333333,0.0,0.0,0.0
collateral_quarter,t1000_l1,isolate,1000.0,1,17.5,0.0,0.0,0.0,0.0,0.0,0.0
collateral_quarter,t1000_l3,revoke,1000.0,3,17.5,0.0,0.0,0.0,0.0,0.0,0.0
collateral_quarter,t1000_l3,deception_silent,1000.0,3,12.54375,0.0,1.4583333333333333,1.4583333333333333,0.0,0.0,0.0
collateral_quarter,t1000_l3,deception,1000.0,3,12.54375,0.0,1.4583333333333333,1.4583333333333333,0.0,0.0,0.0
collateral_quarter,t1000_l3,isolate,1000.0,3,17.5,0.0,0.0,0.0,0.0,0.0,0.0
collateral_one,t3_l0,revoke,3.0,0,5.5,0.75,9.0,9.0,0.6666666666666666,0.0,0.0
collateral_one,t3_l0,deception_silent,3.0,0,1.63125,0.884375,9.958333333333334,9.958333333333334,0.6666666666666666,0.0,0.0
collateral_one,t3_l0,deception,3.0,0,1.63125,0.884375,9.958333333333334,9.958333333333334,0.6666666666666666,0.0,0.0
collateral_one,t3_l0,isolate,3.0,0,2.0,1.0,22.333333333333332,9.0,0.6666666666666666,13.333333333333334,20.25
collateral_one,t3_l1,revoke,3.0,1,16.0,0.25,8.333333333333334,8.333333333333334,0.6666666666666666,0.0,0.0
collateral_one,t3_l1,deception_silent,3.0,1,7.409375,0.525,9.291666666666666,9.291666666666666,0.6666666666666666,0.0,0.0
collateral_one,t3_l1,deception,3.0,1,7.409375,0.525,9.291666666666666,9.291666666666666,0.6666666666666666,0.0,0.0
collateral_one,t3_l1,isolate,3.0,1,2.75,1.0,21.0,8.333333333333334,0.6666666666666666,12.666666666666666,19.25
collateral_one,t3_l3,revoke,3.0,3,17.5,0.0,8.0,8.0,0.6666666666666666,0.0,0.0
collateral_one,t3_l3,deception_silent,3.0,3,8.275,0.365625,8.958333333333334,8.958333333333334,0.6666666666666666,0.0,0.0
collateral_one,t3_l3,deception,3.0,3,8.275,0.365625,8.958333333333334,8.958333333333334,0.6666666666666666,0.0,0.0
collateral_one,t3_l3,isolate,3.0,3,4.25,1.0,19.333333333333332,8.0,0.6666666666666666,11.333333333333334,17.25
collateral_one,t5_l0,revoke,5.0,0,5.5,0.75,5.333333333333333,5.333333333333333,0.6666666666666666,0.0,0.0
collateral_one,t5_l0,deception_silent,5.0,0,1.63125,0.884375,6.841666666666667,6.841666666666667,0.6666666666666666,0.0,0.0
collateral_one,t5_l0,deception,5.0,0,1.63125,0.884375,8.245833333333334,8.245833333333334,0.6666666666666666,0.0,0.0
collateral_one,t5_l0,isolate,5.0,0,2.0,1.0,13.333333333333334,5.333333333333333,0.6666666666666666,8.0,20.25
collateral_one,t5_l1,revoke,5.0,1,16.0,0.25,4.666666666666667,4.666666666666667,0.6666666666666666,0.0,0.0
collateral_one,t5_l1,deception_silent,5.0,1,7.409375,0.525,5.6,5.6,0.6666666666666666,0.0,0.0
collateral_one,t5_l1,deception,5.0,1,7.409375,0.525,7.579166666666667,7.579166666666667,0.6666666666666666,0.0,0.0
collateral_one,t5_l1,isolate,5.0,1,2.75,1.0,12.0,4.666666666666667,0.6666666666666666,7.333333333333333,19.25
collateral_one,t5_l3,revoke,5.0,3,17.5,0.0,4.333333333333333,4.333333333333333,0.6666666666666666,0.0,0.0
collateral_one,t5_l3,deception_silent,5.0,3,8.275,0.365625,5.266666666666667,5.266666666666667,0.6666666666666666,0.0,0.0
collateral_one,t5_l3,deception,5.0,3,8.275,0.365625,7.245833333333334,7.245833333333334,0.6666666666666666,0.0,0.0
collateral_one,t5_l3,isolate,5.0,3,4.25,1.0,10.333333333333334,4.333333333333333,0.6666666666666666,6.0,17.25
collateral_one,t8_l0,revoke,8.0,0,17.5,0.0,0.6666666666666666,0.6666666666666666,0.3333333333333333,0.0,0.0
collateral_one,t8_l0,deception_silent,8.0,0,7.809375,0.45,3.3208333333333333,3.3208333333333333,0.3333333333333333,0.0,0.0
collateral_one,t8_l0,deception,8.0,0,7.703125,0.45,7.416666666666667,7.416666666666667,0.6125,0.0,0.0
collateral_one,t8_l0,isolate,8.0,0,3.0,1.0,1.6666666666666667,0.6666666666666666,0.3333333333333333,1.0,18.75
collateral_one,t8_l1,revoke,8.0,1,17.5,0.0,0.3333333333333333,0.3333333333333333,0.3333333333333333,0.0,0.0
collateral_one,t8_l1,deception_silent,8.0,1,8.171875,0.365625,2.975,2.975,0.3333333333333333,0.0,0.0
collateral_one,t8_l1,deception,8.0,1,7.721875,0.45,6.804166666666666,6.804166666666666,0.6125,0.0,0.0
collateral_one,t8_l1,isolate,8.0,1,3.75,1.0,1.0,0.3333333333333333,0.3333333333333333,0.6666666666666666,17.75
collateral_one,t8_l3,revoke,8.0,3,17.5,0.0,0.0,0.0,0.3333333333333333,0.0,0.0
collateral_one,t8_l3,deception_silent,8.0,3,8.671875,0.30625,2.6666666666666665,2.6666666666666665,0.3333333333333333,0.0,0.0
collateral_one,t8_l3,deception,8.0,3,8.303125,0.365625,6.470833333333333,6.470833333333333,0.6125,0.0,0.0
collateral_one,t8_l3,isolate,8.0,3,5.25,1.0,0.0,0.0,0.3333333333333333,0.0,15.75
collateral_one,t12_l0,revoke,12.0,0,17.5,0.0,0.0,0.0,0.0,0.0,0.0
collateral_one,t12_l0,deception_silent,12.0,0,8.396875,0.34375,1.6416666666666666,1.6416666666666666,0.09166666666666666,0.0,0.0
collateral_one,t12_l0,deception,12.0,0,7.703125,0.45,5.533333333333333,5.533333333333333,0.5875,0.0,0.0
collateral_one,t12_l0,isolate,12.0,0,4.0,1.0,0.0,0.0,0.0,0.0,17.25
collateral_one,t12_l1,revoke,12.0,1,17.5,0.0,0.0,0.0,0.0,0.0,0.0
collateral_one,t12_l1,deception_silent,12.0,1,8.6875,0.30625,1.55,1.55,0.09166666666666666,0.0,0.0
collateral_one,t12_l1,deception,12.0,1,7.7875,0.45,4.283333333333333,4.283333333333333,0.5875,0.0,0.0
collateral_one,t12_l1,isolate,12.0,1,4.5,1.0,0.0,0.0,0.0,0.0,16.25
collateral_one,t12_l3,revoke,12.0,3,17.5,0.0,0.0,0.0,0.0,0.0,0.0
collateral_one,t12_l3,deception_silent,12.0,3,9.396875,0.184375,1.4583333333333333,1.4583333333333333,0.09166666666666666,0.0,0.0
collateral_one,t12_l3,deception,12.0,3,8.415625,0.365625,3.975,3.975,0.5875,0.0,0.0
collateral_one,t12_l3,isolate,12.0,3,6.25,1.0,0.0,0.0,0.0,0.0,14.25
collateral_one,t20_l0,revoke,20.0,0,17.5,0.0,0.0,0.0,0.0,0.0,0.0
collateral_one,t20_l0,deception_silent,20.0,0,9.55625,0.16875,1.4583333333333333,1.4583333333333333,0.0,0.0,0.0
collateral_one,t20_l0,deception,20.0,0,7.915625,0.409375,3.275,3.275,0.31666666666666665,0.0,0.0
collateral_one,t20_l0,isolate,20.0,0,6.75,1.0,0.0,0.0,0.0,0.0,12.5
collateral_one,t20_l1,revoke,20.0,1,17.5,0.0,0.0,0.0,0.0,0.0,0.0
collateral_one,t20_l1,deception_silent,20.0,1,9.84375,0.071875,1.4583333333333333,1.4583333333333333,0.0,0.0,0.0
collateral_one,t20_l1,deception,20.0,1,8.425,0.34375,2.9458333333333333,2.9458333333333333,0.31666666666666665,0.0,0.0
collateral_one,t20_l1,isolate,20.0,1,7.5,1.0,0.0,0.0,0.0,0.0,11.5
collateral_one,t20_l3,revoke,20.0,3,17.5,0.0,0.0,0.0,0.0,0.0,0.0
collateral_one,t20_l3,deception_silent,20.0,3,10.4,0.046875,1.4583333333333333,1.4583333333333333,0.0,0.0,0.0
collateral_one,t20_l3,deception,20.0,3,9.115625,0.30625,2.7,2.7,0.31666666666666665,0.0,0.0
collateral_one,t20_l3,isolate,20.0,3,9.0,1.0,0.0,0.0,0.0,0.0,9.5
collateral_one,t1000_l0,revoke,1000.0,0,17.5,0.0,0.0,0.0,0.0,0.0,0.0
collateral_one,t1000_l0,deception_silent,1000.0,0,12.54375,0.0,1.4583333333333333,1.4583333333333333,0.0,0.0,0.0
collateral_one,t1000_l0,deception,1000.0,0,12.54375,0.0,1.4583333333333333,1.4583333333333333,0.0,0.0,0.0
collateral_one,t1000_l0,isolate,1000.0,0,17.5,0.0,0.0,0.0,0.0,0.0,0.0
collateral_one,t1000_l1,revoke,1000.0,1,17.5,0.0,0.0,0.0,0.0,0.0,0.0
collateral_one,t1000_l1,deception_silent,1000.0,1,12.54375,0.0,1.4583333333333333,1.4583333333333333,0.0,0.0,0.0
collateral_one,t1000_l1,deception,1000.0,1,12.54375,0.0,1.4583333333333333,1.4583333333333333,0.0,0.0,0.0
collateral_one,t1000_l1,isolate,1000.0,1,17.5,0.0,0.0,0.0,0.0,0.0,0.0
collateral_one,t1000_l3,revoke,1000.0,3,17.5,0.0,0.0,0.0,0.0,0.0,0.0
collateral_one,t1000_l3,deception_silent,1000.0,3,12.54375,0.0,1.4583333333333333,1.4583333333333333,0.0,0.0,0.0
collateral_one,t1000_l3,deception,1000.0,3,12.54375,0.0,1.4583333333333333,1.4583333333333333,0.0,0.0,0.0
collateral_one,t1000_l3,isolate,1000.0,3,17.5,0.0,0.0,0.0,0.0,0.0,0.0
background_empty,t3_l0,revoke,3.0,0,4.328125,0.75,9.0,9.0,0.6666666666666666,0.0,0.0
background_empty,t3_l0,deception_silent,3.0,0,1.55625,0.884375,9.958333333333334,9.958333333333334,0.6666666666666666,0.0,0.0
background_empty,t3_l0,deception,3.0,0,1.55625,0.884375,9.958333333333334,9.958333333333334,0.6666666666666666,0.0,0.0
background_empty,t3_l0,isolate,3.0,0,2.0,1.0,9.0,9.0,0.6666666666666666,0.0,0.0
background_empty,t3_l1,revoke,3.0,1,10.078125,0.3125,8.333333333333334,8.333333333333334,0.6666666666666666,0.0,0.0
background_empty,t3_l1,deception_silent,3.0,1,4.6875,0.571875,9.291666666666666,9.291666666666666,0.6666666666666666,0.0,0.0
background_empty,t3_l1,deception,3.0,1,4.6875,0.571875,9.291666666666666,9.291666666666666,0.6666666666666666,0.0,0.0
background_empty,t3_l1,isolate,3.0,1,2.75,1.0,8.333333333333334,8.333333333333334,0.6666666666666666,0.0,0.0
background_empty,t3_l3,revoke,3.0,3,11.940625,0.040625,8.0,8.0,0.6666666666666666,0.0,0.0
background_empty,t3_l3,deception_silent,3.0,3,5.646875,0.403125,8.958333333333334,8.958333333333334,0.6666666666666666,0.0,0.0
background_empty,t3_l3,deception,3.0,3,5.646875,0.403125,8.958333333333334,8.958333333333334,0.6666666666666666,0.0,0.0
background_empty,t3_l3,isolate,3.0,3,4.259375,1.0,8.0,8.0,0.6666666666666666,0.0,0.0
background_empty,t5_l0,revoke,5.0,0,4.328125,0.75,5.383333333333334,5.383333333333334,0.6666666666666666,0.0,0.0
background_empty,t5_l0,deception_silent,5.0,0,1.55625,0.884375,6.875,6.875,0.6666666666666666,0.0,0.0
background_empty,t5_l0,deception,5.0,0,1.55625,0.884375,8.2625,8.2625,0.6666666666666666,0.0,0.0
background_empty,t5_l0,isolate,5.0,0,2.0,1.0,5.383333333333334,5.383333333333334,0.6666666666666666,0.0,0.0
background_empty,t5_l1,revoke,5.0,1,10.078125,0.3125,4.666666666666667,4.666666666666667,0.6666666666666666,0.0,0.0
background_empty,t5_l1,deception_silent,5.0,1,4.6875,0.571875,5.608333333333333,5.608333333333333,0.6666666666666666,0.0,0.0
background_empty,t5_l1,deception,5.0,1,4.6875,0.571875,7.579166666666667,7.579166666666667,0.6666666666666666,0.0,0.0
background_empty,t5_l1,isolate,5.0,1,2.75,1.0,4.666666666666667,4.666666666666667,0.6666666666666666,0.0,0.0
background_empty,t5_l3,revoke,5.0,3,11.940625,0.040625,4.333333333333333,4.333333333333333,0.6666666666666666,0.0,0.0
background_empty,t5_l3,deception_silent,5.0,3,5.646875,0.403125,5.275,5.275,0.6666666666666666,0.0,0.0
background_empty,t5_l3,deception,5.0,3,5.646875,0.403125,7.245833333333334,7.245833333333334,0.6666666666666666,0.0,0.0
background_empty,t5_l3,isolate,5.0,3,4.259375,1.0,4.333333333333333,4.333333333333333,0.6666666666666666,0.0,0.0
background_empty,t8_l0,revoke,8.0,0,11.39375,0.090625,0.8125,0.8125,0.3333333333333333,0.0,0.0
background_empty,t8_l0,deception_silent,8.0,0,5.04375,0.50625,3.3916666666666666,3.3916666666666666,0.3333333333333333,0.0,0.0
background_empty,t8_l0,deception,8.0,0,4.9375,0.50625,7.454166666666667,7.454166666666667,0.6125,0.0,0.0
background_empty,t8_l0,isolate,8.0,0,3.0,1.0,0.8125,0.8125,0.3333333333333333,0.0,0.0
background_empty,t8_l1,revoke,8.0,1,11.8375,0.040625,0.4666666666666667,0.4666666666666667,0.3333333333333333,0.0,0.0
background_empty,t8_l1,deception_silent,8.0,1,5.525,0.403125,3.0416666666666665,3.0416666666666665,0.3333333333333333,0.0,0.0
background_empty,t8_l1,deception,8.0,1,5.16875,0.475,6.829166666666667,6.829166666666667,0.6125,0.0,0.0
background_empty,t8_l1,isolate,8.0,1,3.75,1.0,0.4666666666666667,0.4666666666666667,0.3333333333333333,0.0,0.0
background_empty,t8_l3,revoke,8.0,3,12.4,0.00625,0.13333333333333333,0.13333333333333333,0.3333333333333333,0.0,0.0
background_empty,t8_l3,deception_silent,8.0,3,6.35625,0.33125,2.745833333333333,2.745833333333333,0.3333333333333333,0.0,0.0
background_empty,t8_l3,deception,8.0,3,6.034375,0.3875,6.5,6.5,0.6125,0.0,0.0
background_empty,t8_l3,isolate,8.0,3,5.259375,1.0,0.13333333333333333,0.13333333333333333,0.3333333333333333,0.0,0.0
background_empty,t12_l0,revoke,12.0,0,11.9375,0.01875,0.0,0.0,0.0,0.0,0.0
background_empty,t12_l0,deception_silent,12.0,0,5.7625,0.38125,1.675,1.675,0.1,0.0,0.0
background_empty,t12_l0,deception,12.0,0,5.159375,0.471875,5.558333333333334,5.558333333333334,0.5916666666666667,0.0,0.0
background_empty,t12_l0,isolate,12.0,0,4.01875,1.0,0.0,0.0,0.0,0.0,0.0
background_empty,t12_l1,revoke,12.0,1,12.15625,0.00625,0.0,0.0,0.0,0.0,0.0
background_empty,t12_l1,deception_silent,12.0,1,6.146875,0.33125,1.575,1.575,0.1,0.0,0.0
background_empty,t12_l1,deception,12.0,1,5.3625,0.4625,4.304166666666666,4.304166666666666,0.5916666666666667,0.0,0.0
background_empty,t12_l1,isolate,12.0,1,4.528125,1.0,0.0,0.0,0.0,0.0,0.0
background_empty,t12_l3,revoke,12.0,3,12.71875,0.0,0.0,0.0,0.0,0.0,0.0
background_empty,t12_l3,deception_silent,12.0,3,7.21875,0.2125,1.475,1.475,0.1,0.0,0.0
background_empty,t12_l3,deception,12.0,3,6.303125,0.3875,3.995833333333333,3.995833333333333,0.5916666666666667,0.0,0.0
background_empty,t12_l3,isolate,12.0,3,6.278125,1.0,0.0,0.0,0.0,0.0,0.0
background_empty,t20_l0,revoke,20.0,0,13.05625,0.0,0.0,0.0,0.0,0.0,0.0
background_empty,t20_l0,deception_silent,20.0,0,7.453125,0.2,1.475,1.475,0.0,0.0,0.0
background_empty,t20_l0,deception,20.0,0,5.8375,0.4375,3.308333333333333,3.308333333333333,0.32083333333333336,0.0,0.0
background_empty,t20_l0,isolate,20.0,0,6.80625,1.0,0.0,0.0,0.0,0.0,0.0
background_empty,t20_l1,revoke,20.0,1,13.36875,0.0,0.0,0.0,0.0,0.0,0.0
background_empty,t20_l1,deception_silent,20.0,1,7.934375,0.075,1.475,1.475,0.0,0.0,0.0
background_empty,t20_l1,deception,20.0,1,6.515625,0.365625,2.9791666666666665,2.9791666666666665,0.32083333333333336,0.0,0.0
background_empty,t20_l1,isolate,20.0,1,7.546875,1.0,0.0,0.0,0.0,0.0,0.0
background_empty,t20_l3,revoke,20.0,3,14.325,0.0,0.0,0.0,0.0,0.0,0.0
background_empty,t20_l3,deception_silent,20.0,3,8.7125,0.05,1.475,1.475,0.0,0.0,0.0
background_empty,t20_l3,deception,20.0,3,7.428125,0.328125,2.7291666666666665,2.7291666666666665,0.32083333333333336,0.0,0.0
background_empty,t20_l3,isolate,20.0,3,9.071875,1.0,0.0,0.0,0.0,0.0,0.0
background_empty,t1000_l0,revoke,1000.0,0,17.63125,0.0,0.0,0.0,0.0,0.0,0.0
background_empty,t1000_l0,deception_silent,1000.0,0,12.559375,0.0,1.475,1.475,0.0,0.0,0.0
background_empty,t1000_l0,deception,1000.0,0,12.559375,0.0,1.475,1.475,0.0,0.0,0.0
background_empty,t1000_l0,isolate,1000.0,0,17.63125,0.0,0.0,0.0,0.0,0.0,0.0
background_empty,t1000_l1,revoke,1000.0,1,17.63125,0.0,0.0,0.0,0.0,0.0,0.0
background_empty,t1000_l1,deception_silent,1000.0,1,12.559375,0.0,1.475,1.475,0.0,0.0,0.0
background_empty,t1000_l1,deception,1000.0,1,12.559375,0.0,1.475,1.475,0.0,0.0,0.0
background_empty,t1000_l1,isolate,1000.0,1,17.63125,0.0,0.0,0.0,0.0,0.0,0.0
background_empty,t1000_l3,revoke,1000.0,3,17.63125,0.0,0.0,0.0,0.0,0.0,0.0
background_empty,t1000_l3,deception_silent,1000.0,3,12.559375,0.0,1.475,1.475,0.0,0.0,0.0
background_empty,t1000_l3,deception,1000.0,3,12.559375,0.0,1.475,1.475,0.0,0.0,0.0
background_empty,t1000_l3,isolate,1000.0,3,17.63125,0.0,0.0,0.0,0.0,0.0,0.0
recognition_half,t3_l0,revoke,3.0,0,5.5,0.75,9.0,9.0,0.6666666666666666,0.0,0.0
recognition_half,t3_l0,deception_silent,3.0,0,2.021875,0.884375,9.7375,9.7375,0.6666666666666666,0.0,0.0
recognition_half,t3_l0,deception,3.0,0,2.021875,0.884375,9.7375,9.7375,0.6666666666666666,0.0,0.0
recognition_half,t3_l0,isolate,3.0,0,2.0,1.0,9.0,9.0,0.6666666666666666,0.0,0.0
recognition_half,t3_l1,revoke,3.0,1,16.0,0.25,8.333333333333334,8.333333333333334,0.6666666666666666,0.0,0.0
recognition_half,t3_l1,deception_silent,3.0,1,8.16875,0.525,9.070833333333333,9.070833333333333,0.6666666666666666,0.0,0.0
recognition_half,t3_l1,deception,3.0,1,8.16875,0.525,9.070833333333333,9.070833333333333,0.6666666666666666,0.0,0.0
recognition_half,t3_l1,isolate,3.0,1,2.75,1.0,8.333333333333334,8.333333333333334,0.6666666666666666,0.0,0.0
recognition_half,t3_l3,revoke,3.0,3,17.5,0.0,8.0,8.0,0.6666666666666666,0.0,0.0
recognition_half,t3_l3,deception_silent,3.0,3,8.753125,0.415625,8.7375,8.7375,0.6666666666666666,0.0,0.0
recognition_half,t3_l3,deception,3.0,3,8.753125,0.415625,8.7375,8.7375,0.6666666666666666,0.0,0.0
recognition_half,t3_l3,isolate,3.0,3,4.25,1.0,8.0,8.0,0.6666666666666666,0.0,0.0
recognition_half,t5_l0,revoke,5.0,0,5.5,0.75,5.333333333333333,5.333333333333333,0.6666666666666666,0.0,0.0
recognition_half,t5_l0,deception_silent,5.0,0,2.021875,0.884375,6.5375,6.5375,0.6666666666666666,0.0,0.0
recognition_half,t5_l0,deception,5.0,0,2.021875,0.884375,8.025,8.025,0.6666666666666666,0.0,0.0
recognition_half,t5_l0,isolate,5.0,0,2.0,1.0,5.333333333333333,5.333333333333333,0.6666666666666666,0.0,0.0
recognition_half,t5_l1,revoke,5.0,1,16.0,0.25,4.666666666666667,4.666666666666667,0.6666666666666666,0.0,0.0
recognition_half,t5_l1,deception_silent,5.0,1,8.16875,0.525,5.6125,5.6125,0.6666666666666666,0.0,0.0
recognition_half,t5_l1,deception,5.0,1,8.16875,0.525,7.358333333333333,7.358333333333333,0.6666666666666666,0.0,0.0
recognition_half,t5_l1,isolate,5.0,1,2.75,1.0,4.666666666666667,4.666666666666667,0.6666666666666666,0.0,0.0
recognition_half,t5_l3,revoke,5.0,3,17.5,0.0,4.333333333333333,4.333333333333333,0.6666666666666666,0.0,0.0
recognition_half,t5_l3,deception_silent,5.0,3,8.753125,0.415625,5.279166666666667,5.279166666666667,0.6666666666666666,0.0,0.0
recognition_half,t5_l3,deception,5.0,3,8.753125,0.415625,7.025,7.025,0.6666666666666666,0.0,0.0
recognition_half,t5_l3,isolate,5.0,3,4.25,1.0,4.333333333333333,4.333333333333333,0.6666666666666666,0.0,0.0
recognition_half,t8_l0,revoke,8.0,0,17.5,0.0,0.6666666666666666,0.6666666666666666,0.3333333333333333,0.0,0.0
recognition_half,t8_l0,deception_silent,8.0,0,8.553125,0.45,2.6458333333333335,2.6458333333333335,0.3333333333333333,0.0,0.0
recognition_half,t8_l0,deception,8.0,0,8.5,0.45,7.195833333333334,7.195833333333334,0.6125,0.0,0.0
recognition_half,t8_l0,isolate,8.0,0,3.0,1.0,0.6666666666666666,0.6666666666666666,0.3333333333333333,0.0,0.0
recognition_half,t8_l1,revoke,8.0,1,17.5,0.0,0.3333333333333333,0.3333333333333333,0.3333333333333333,0.0,0.0
recognition_half,t8_l1,deception_silent,8.0,1,8.7375,0.41875,2.2916666666666665,2.2916666666666665,0.3333333333333333,0.0,0.0
recognition_half,t8_l1,deception,8.0,1,8.51875,0.45,6.583333333333333,6.583333333333333,0.6125,0.0,0.0
recognition_half,t8_l1,isolate,8.0,1,3.75,1.0,0.3333333333333333,0.3333333333333333,0.3333333333333333,0.0,0.0
recognition_half,t8_l3,revoke,8.0,3,17.5,0.0,0.0,0.0,0.3333333333333333,0.0,0.0
recognition_half,t8_l3,deception_silent,8.0,3,9.19375,0.353125,1.9833333333333334,1.9833333333333334,0.3333333333333333,0.0,0.0
recognition_half,t8_l3,deception,8.0,3,8.76875,0.415625,6.25,6.25,0.6125,0.0,0.0
recognition_half,t8_l3,isolate,8.0,3,5.25,1.0,0.0,0.0,0.3333333333333333,0.0,0.0
recognition_half,t12_l0,revoke,12.0,0,17.5,0.0,0.0,0.0,0.0,0.0,0.0
recognition_half,t12_l0,deception_silent,12.0,0,9.015625,0.375,1.5083333333333333,1.5083333333333333,0.008333333333333333,0.0,0.0
recognition_half,t12_l0,deception,12.0,0,8.5,0.45,5.129166666666666,5.129166666666666,0.5875,0.0,0.0
recognition_half,t12_l0,isolate,12.0,0,4.0,1.0,0.0,0.0,0.0,0.0,0.0
recognition_half,t12_l1,revoke,12.0,1,17.5,0.0,0.0,0.0,0.0,0.0,0.0
recognition_half,t12_l1,deception_silent,12.0,1,9.065625,0.36875,1.5,1.5,0.008333333333333333,0.0,0.0
recognition_half,t12_l1,deception,12.0,1,8.53125,0.45,4.270833333333333,4.270833333333333,0.5875,0.0,0.0
recognition_half,t12_l1,isolate,12.0,1,4.5,1.0,0.0,0.0,0.0,0.0,0.0
recognition_half,t12_l3,revoke,12.0,3,17.5,0.0,0.0,0.0,0.0,0.0,0.0
recognition_half,t12_l3,deception_silent,12.0,3,9.603125,0.30625,1.4916666666666667,1.4916666666666667,0.008333333333333333,0.0,0.0
recognition_half,t12_l3,deception,12.0,3,9.040625,0.39375,3.9625,3.9625,0.5875,0.0,0.0
recognition_half,t12_l3,isolate,12.0,3,6.25,1.0,0.0,0.0,0.0,0.0,0.0
recognition_half,t20_l0,revoke,20.0,0,17.5,0.0,0.0,0.0,0.0,0.0,0.0
recognition_half,t20_l0,deception_silent,20.0,0,9.715625,0.2875,1.4916666666666667,1.4916666666666667,0.0,0.0,0.0
recognition_half,t20_l0,deception,20.0,0,8.740625,0.409375,3.1375,3.1375,0.31666666666666665,0.0,0.0
recognition_half,t20_l0,isolate,20.0,0,6.75,1.0,0.0,0.0,0.0,0.0,0.0
recognition_half,t20_l1,revoke,20.0,1,17.5,0.0,0.0,0.0,0.0,0.0,0.0
recognition_half,t20_l1,deception_silent,20.0,1,9.921875,0.259375,1.4916666666666667,1.4916666666666667,0.0,0.0,0.0
recognition_half,t20_l1,deception,20.0,1,8.865625,0.396875,2.6708333333333334,2.6708333333333334,0.31666666666666665,0.0,0.0
recognition_half,t20_l1,isolate,20.0,1,7.5,1.0,0.0,0.0,0.0,0.0,0.0
recognition_half,t20_l3,revoke,20.0,3,17.5,0.0,0.0,0.0,0.0,0.0,0.0
recognition_half,t20_l3,deception_silent,20.0,3,10.215625,0.228125,1.4916666666666667,1.4916666666666667,0.0,0.0,0.0
recognition_half,t20_l3,deception,20.0,3,9.359375,0.353125,2.408333333333333,2.408333333333333,0.31666666666666665,0.0,0.0
recognition_half,t20_l3,isolate,20.0,3,9.0,1.0,0.0,0.0,0.0,0.0,0.0
recognition_half,t1000_l0,revoke,1000.0,0,17.5,0.0,0.0,0.0,0.0,0.0,0.0
recognition_half,t1000_l0,deception_silent,1000.0,0,11.85625,0.0,1.4916666666666667,1.4916666666666667,0.0,0.0,0.0
recognition_half,t1000_l0,deception,1000.0,0,11.85625,0.0,1.4916666666666667,1.4916666666666667,0.0,0.0,0.0
recognition_half,t1000_l0,isolate,1000.0,0,17.5,0.0,0.0,0.0,0.0,0.0,0.0
recognition_half,t1000_l1,revoke,1000.0,1,17.5,0.0,0.0,0.0,0.0,0.0,0.0
recognition_half,t1000_l1,deception_silent,1000.0,1,11.85625,0.0,1.4916666666666667,1.4916666666666667,0.0,0.0,0.0
recognition_half,t1000_l1,deception,1000.0,1,11.85625,0.0,1.4916666666666667,1.4916666666666667,0.0,0.0,0.0
recognition_half,t1000_l1,isolate,1000.0,1,17.5,0.0,0.0,0.0,0.0,0.0,0.0
recognition_half,t1000_l3,revoke,1000.0,3,17.5,0.0,0.0,0.0,0.0,0.0,0.0
recognition_half,t1000_l3,deception_silent,1000.0,3,11.85625,0.0,1.4916666666666667,1.4916666666666667,0.0,0.0,0.0
recognition_half,t1000_l3,deception,1000.0,3,11.85625,0.0,1.4916666666666667,1.4916666666666667,0.0,0.0,0.0
recognition_half,t1000_l3,isolate,1000.0,3,17.5,0.0,0.0,0.0,0.0,0.0,0.0
patience_four,t3_l0,revoke,3.0,0,5.5,0.75,9.0,9.0,0.6666666666666666,0.0,0.0
patience_four,t3_l0,deception_silent,3.0,0,2.03125,0.884375,9.641666666666667,9.641666666666667,0.6666666666666666,0.0,0.0
patience_four,t3_l0,deception,3.0,0,2.03125,0.884375,9.641666666666667,9.641666666666667,0.6666666666666666,0.0,0.0
patience_four,t3_l0,isolate,3.0,0,2.0,1.0,9.0,9.0,0.6666666666666666,0.0,0.0
patience_four,t3_l1,revoke,3.0,1,16.0,0.25,8.333333333333334,8.333333333333334,0.6666666666666666,0.0,0.0
patience_four,t3_l1,deception_silent,3.0,1,8.234375,0.525,8.975,8.975,0.6666666666666666,0.0,0.0
patience_four,t3_l1,deception,3.0,1,8.234375,0.525,8.975,8.975,0.6666666666666666,0.0,0.0
patience_four,t3_l1,isolate,3.0,1,2.75,1.0,8.333333333333334,8.333333333333334,0.6666666666666666,0.0,0.0
patience_four,t3_l3,revoke,3.0,3,17.5,0.0,8.0,8.0,0.6666666666666666,0.0,0.0
patience_four,t3_l3,deception_silent,3.0,3,8.715625,0.428125,8.641666666666667,8.641666666666667,0.6666666666666666,0.0,0.0
patience_four,t3_l3,deception,3.0,3,8.715625,0.428125,8.641666666666667,8.641666666666667,0.6666666666666666,0.0,0.0
patience_four,t3_l3,isolate,3.0,3,4.25,1.0,8.0,8.0,0.6666666666666666,0.0,0.0
patience_four,t5_l0,revoke,5.0,0,5.5,0.75,5.333333333333333,5.333333333333333,0.6666666666666666,0.0,0.0
patience_four,t5_l0,deception_silent,5.0,0,2.03125,0.884375,6.425,6.425,0.6666666666666666,0.0,0.0
patience_four,t5_l0,deception,5.0,0,2.03125,0.884375,7.929166666666666,7.929166666666666,0.6666666666666666,0.0,0.0
patience_four,t5_l0,isolate,5.0,0,2.0,1.0,5.333333333333333,5.333333333333333,0.6666666666666666,0.0,0.0
patience_four,t5_l1,revoke,5.0,1,16.0,0.25,4.666666666666667,4.666666666666667,0.6666666666666666,0.0,0.0
patience_four,t5_l1,deception_silent,5.0,1,8.234375,0.525,5.758333333333334,5.758333333333334,0.6666666666666666,0.0,0.0
patience_four,t5_l1,deception,5.0,1,8.234375,0.525,7.2625,7.2625,0.6666666666666666,0.0,0.0
patience_four,t5_l1,isolate,5.0,1,2.75,1.0,4.666666666666667,4.666666666666667,0.6666666666666666,0.0,0.0
patience_four,t5_l3,revoke,5.0,3,17.5,0.0,4.333333333333333,4.333333333333333,0.6666666666666666,0.0,0.0
patience_four,t5_l3,deception_silent,5.0,3,8.715625,0.428125,5.425,5.425,0.6666666666666666,0.0,0.0
patience_four,t5_l3,deception,5.0,3,8.715625,0.428125,6.929166666666666,6.929166666666666,0.6666666666666666,0.0,0.0
patience_four,t5_l3,isolate,5.0,3,4.25,1.0,4.333333333333333,4.333333333333333,0.6666666666666666,0.0,0.0
patience_four,t8_l0,revoke,8.0,0,17.5,0.0,0.6666666666666666,0.6666666666666666,0.3333333333333333,0.0,0.0
patience_four,t8_l0,deception_silent,8.0,0,8.6125,0.45,2.4458333333333333,2.4458333333333333,0.3333333333333333,0.0,0.0
patience_four,t8_l0,deception,8.0,0,8.571875,0.45,7.1,7.1,0.6125,0.0,0.0
patience_four,t8_l0,isolate,8.0,0,3.0,1.0,0.6666666666666666,0.6666666666666666,0.3333333333333333,0.0,0.0
patience_four,t8_l1,revoke,8.0,1,17.5,0.0,0.3333333333333333,0.3333333333333333,0.3333333333333333,0.0,0.0
patience_four,t8_l1,deception_silent,8.0,1,8.709375,0.43125,2.1,2.1,0.3333333333333333,0.0,0.0
patience_four,t8_l1,deception,8.0,1,8.590625,0.45,6.4875,6.4875,0.6125,0.0,0.0
patience_four,t8_l1,isolate,8.0,1,3.75,1.0,0.3333333333333333,0.3333333333333333,0.3333333333333333,0.0,0.0
patience_four,t8_l3,revoke,8.0,3,17.5,0.0,0.0,0.0,0.3333333333333333,0.0,0.0
patience_four,t8_l3,deception_silent,8.0,3,9.25625,0.353125,1.8875,1.8875,0.3333333333333333,0.0,0.0
patience_four,t8_l3,deception,8.0,3,8.715625,0.428125,6.154166666666667,6.154166666666667,0.6125,0.0,0.0
patience_four,t8_l3,isolate,8.0,3,5.25,1.0,0.0,0.0,0.3333333333333333,0.0,0.0
patience_four,t12_l0,revoke,12.0,0,17.5,0.0,0.0,0.0,0.0,0.0,0.0
patience_four,t12_l0,deception_silent,12.0,0,8.79375,0.409375,1.5541666666666667,1.5541666666666667,0.0,0.0,0.0
patience_four,t12_l0,deception,12.0,0,8.571875,0.45,5.004166666666666,5.004166666666666,0.5875,0.0,0.0
patience_four,t12_l0,isolate,12.0,0,4.0,1.0,0.0,0.0,0.0,0.0,0.0
patience_four,t12_l1,revoke,12.0,1,17.5,0.0,0.0,0.0,0.0,0.0,0.0
patience_four,t12_l1,deception_silent,12.0,1,8.85,0.40625,1.5541666666666667,1.5541666666666667,0.0,0.0,0.0
patience_four,t12_l1,deception,12.0,1,8.590625,0.45,4.416666666666667,4.416666666666667,0.5875,0.0,0.0
patience_four,t12_l1,isolate,12.0,1,4.5,1.0,0.0,0.0,0.0,0.0,0.0
patience_four,t12_l3,revoke,12.0,3,17.5,0.0,0.0,0.0,0.0,0.0,0.0
patience_four,t12_l3,deception_silent,12.0,3,9.3375,0.346875,1.5541666666666667,1.5541666666666667,0.0,0.0,0.0
patience_four,t12_l3,deception,12.0,3,8.765625,0.428125,4.108333333333333,4.108333333333333,0.5875,0.0,0.0
patience_four,t12_l3,isolate,12.0,3,6.25,1.0,0.0,0.0,0.0,0.0,0.0
patience_four,t20_l0,revoke,20.0,0,17.5,0.0,0.0,0.0,0.0,0.0,0.0
patience_four,t20_l0,deception_silent,20.0,0,9.459375,0.340625,1.5541666666666667,1.5541666666666667,0.0,0.0,0.0
patience_four,t20_l0,deception,20.0,0,8.784375,0.409375,3.2666666666666666,3.2666666666666666,0.31666666666666665,0.0,0.0
patience_four,t20_l0,isolate,20.0,0,6.75,1.0,0.0,0.0,0.0,0.0,0.0
patience_four,t20_l1,revoke,20.0,1,17.5,0.0,0.0,0.0,0.0,0.0,0.0
patience_four,t20_l1,deception_silent,20.0,1,9.934375,0.284375,1.5541666666666667,1.5541666666666667,0.0,0.0,0.0
patience_four,t20_l1,deception,20.0,1,8.7875,0.409375,2.95,2.95,0.31666666666666665,0.0,0.0
patience_four,t20_l1,isolate,20.0,1,7.5,1.0,0.0,0.0,0.0,0.0,0.0
patience_four,t20_l3,revoke,20.0,3,17.5,0.0,0.0,0.0,0.0,0.0,0.0
patience_four,t20_l3,deception_silent,20.0,3,10.43125,0.175,1.5541666666666667,1.5541666666666667,0.0,0.0,0.0
patience_four,t20_l3,deception,20.0,3,9.30625,0.353125,2.6791666666666667,2.6791666666666667,0.31666666666666665,0.0,0.0
patience_four,t20_l3,isolate,20.0,3,9.0,1.0,0.0,0.0,0.0,0.0,0.0
patience_four,t1000_l0,revoke,1000.0,0,17.5,0.0,0.0,0.0,0.0,0.0,0.0
patience_four,t1000_l0,deception_silent,1000.0,0,12.015625,0.0,1.5541666666666667,1.5541666666666667,0.0,0.0,0.0
patience_four,t1000_l0,deception,1000.0,0,12.015625,0.0,1.5541666666666667,1.5541666666666667,0.0,0.0,0.0
patience_four,t1000_l0,isolate,1000.0,0,17.5,0.0,0.0,0.0,0.0,0.0,0.0
patience_four,t1000_l1,revoke,1000.0,1,17.5,0.0,0.0,0.0,0.0,0.0,0.0
patience_four,t1000_l1,deception_silent,1000.0,1,12.015625,0.0,1.5541666666666667,1.5541666666666667,0.0,0.0,0.0
patience_four,t1000_l1,deception,1000.0,1,12.015625,0.0,1.5541666666666667,1.5541666666666667,0.0,0.0,0.0
patience_four,t1000_l1,isolate,1000.0,1,17.5,0.0,0.0,0.0,0.0,0.0,0.0
patience_four,t1000_l3,revoke,1000.0,3,17.5,0.0,0.0,0.0,0.0,0.0,0.0
patience_four,t1000_l3,deception_silent,1000.0,3,12.015625,0.0,1.5541666666666667,1.5541666666666667,0.0,0.0,0.0
patience_four,t1000_l3,deception,1000.0,3,12.015625,0.0,1.5541666666666667,1.5541666666666667,0.0,0.0,0.0
patience_four,t1000_l3,isolate,1000.0,3,17.5,0.0,0.0,0.0,0.0,0.0,0.0
avoidance_half,t3_l0,revoke,3.0,0,5.5,0.75,9.0,9.0,0.6666666666666666,0.0,0.0
avoidance_half,t3_l0,deception_silent,3.0,0,3.0,0.828125,9.408333333333333,9.408333333333333,0.6666666666666666,0.0,0.0
avoidance_half,t3_l0,deception,3.0,0,3.0,0.828125,9.408333333333333,9.408333333333333,0.6666666666666666,0.0,0.0
avoidance_half,t3_l0,isolate,3.0,0,2.0,1.0,9.0,9.0,0.6666666666666666,0.0,0.0
avoidance_half,t3_l1,revoke,3.0,1,16.0,0.25,8.333333333333334,8.333333333333334,0.6666666666666666,0.0,0.0
avoidance_half,t3_l1,deception_silent,3.0,1,10.14375,0.403125,8.741666666666667,8.741666666666667,0.6666666666666666,0.0,0.0
avoidance_half,t3_l1,deception,3.0,1,10.14375,0.403125,8.741666666666667,8.741666666666667,0.6666666666666666,0.0,0.0
avoidance_half,t3_l1,isolate,3.0,1,2.75,1.0,8.333333333333334,8.333333333333334,0.6666666666666666,0.0,0.0
avoidance_half,t3_l3,revoke,3.0,3,17.5,0.0,8.0,8.0,0.6666666666666666,0.0,0.0
avoidance_half,t3_l3,deception_silent,3.0,3,11.8,0.1625,8.408333333333333,8.408333333333333,0.6666666666666666,0.0,0.0
avoidance_half,t3_l3,deception,3.0,3,11.8,0.1625,8.408333333333333,8.408333333333333,0.6666666666666666,0.0,0.0
avoidance_half,t3_l3,isolate,3.0,3,4.25,1.0,8.0,8.0,0.6666666666666666,0.0,0.0
avoidance_half,t5_l0,revoke,5.0,0,5.5,0.75,5.333333333333333,5.333333333333333,0.6666666666666666,0.0,0.0
avoidance_half,t5_l0,deception_silent,5.0,0,3.0,0.828125,5.983333333333333,5.983333333333333,0.6666666666666666,0.0,0.0
avoidance_half,t5_l0,deception,5.0,0,3.0,0.828125,6.766666666666667,6.766666666666667,0.6666666666666666,0.0,0.0
avoidance_half,t5_l0,isolate,5.0,0,2.0,1.0,5.333333333333333,5.333333333333333,0.6666666666666666,0.0,0.0
avoidance_half,t5_l1,revoke,5.0,1,16.0,0.25,4.666666666666667,4.666666666666667,0.6666666666666666,0.0,0.0
avoidance_half,t5_l1,deception_silent,5.0,1,10.14375,0.403125,5.066666666666666,5.066666666666666,0.6666666666666666,0.0,0.0
avoidance_half,t5_l1,deception,5.0,1,10.14375,0.403125,6.1,6.1,0.6666666666666666,0.0,0.0
avoidance_half,t5_l1,isolate,5.0,1,2.75,1.0,4.666666666666667,4.666666666666667,0.6666666666666666,0.0,0.0
avoidance_half,t5_l3,revoke,5.0,3,17.5,0.0,4.333333333333333,4.333333333333333,0.6666666666666666,0.0,0.0
avoidance_half,t5_l3,deception_silent,5.0,3,11.8,0.1625,4.733333333333333,4.733333333333333,0.6666666666666666,0.0,0.0
avoidance_half,t5_l3,deception,5.0,3,11.8,0.1625,5.766666666666667,5.766666666666667,0.6666666666666666,0.0,0.0
avoidance_half,t5_l3,isolate,5.0,3,4.25,1.0,4.333333333333333,4.333333333333333,0.6666666666666666,0.0,0.0
avoidance_half,t8_l0,revoke,8.0,0,17.5,0.0,0.6666666666666666,0.6666666666666666,0.3333333333333333,0.0,0.0
avoidance_half,t8_l0,deception_silent,8.0,0,11.075,0.24375,1.8583333333333334,1.8583333333333334,0.3333333333333333,0.0,0.0
avoidance_half,t8_l0,deception,8.0,0,10.965625,0.24375,4.625,4.625,0.5,0.0,0.0
avoidance_half,t8_l0,isolate,8.0,0,3.0,1.0,0.6666666666666666,0.6666666666666666,0.3333333333333333,0.0,0.0
avoidance_half,t8_l1,revoke,8.0,1,17.5,0.0,0.3333333333333333,0.3333333333333333,0.3333333333333333,0.0,0.0
avoidance_half,t8_l1,deception_silent,8.0,1,11.671875,0.1625,1.5083333333333333,1.5083333333333333,0.3333333333333333,0.0,0.0
avoidance_half,t8_l1,deception,8.0,1,10.984375,0.24375,4.125,4.125,0.5,0.0,0.0
avoidance_half,t8_l1,isolate,8.0,1,3.75,1.0,0.3333333333333333,0.3333333333333333,0.3333333333333333,0.0,0.0
avoidance_half,t8_l3,revoke,8.0,3,17.5,0.0,0.0,0.0,0.3333333333333333,0.0,0.0
avoidance_half,t8_l3,deception_silent,8.0,3,12.3875,0.096875,1.1958333333333333,1.1958333333333333,0.3333333333333333,0.0,0.0
avoidance_half,t8_l3,deception,8.0,3,11.8,0.1625,3.7916666666666665,3.7916666666666665,0.5,0.0,0.0
avoidance_half,t8_l3,isolate,8.0,3,5.25,1.0,0.0,0.0,0.3333333333333333,0.0,0.0
avoidance_half,t12_l0,revoke,12.0,0,17.5,0.0,0.0,0.0,0.0,0.0,0.0
avoidance_half,t12_l0,deception_silent,12.0,0,11.9125,0.134375,0.725,0.725,0.016666666666666666,0.0,0.0
avoidance_half,t12_l0,deception,12.0,0,10.965625,0.24375,3.1333333333333333,3.1333333333333333,0.425,0.0,0.0
avoidance_half,t12_l0,isolate,12.0,0,4.0,1.0,0.0,0.0,0.0,0.0,0.0
avoidance_half,t12_l1,revoke,12.0,1,17.5,0.0,0.0,0.0,0.0,0.0,0.0
avoidance_half,t12_l1,deception_silent,12.0,1,12.4125,0.096875,0.7083333333333334,0.7083333333333334,0.016666666666666666,0.0,0.0
avoidance_half,t12_l1,deception,12.0,1,11.046875,0.24375,2.4375,2.4375,0.425,0.0,0.0
avoidance_half,t12_l1,isolate,12.0,1,4.5,1.0,0.0,0.0,0.0,0.0,0.0
avoidance_half,t12_l3,revoke,12.0,3,17.5,0.0,0.0,0.0,0.0,0.0,0.0
avoidance_half,t12_l3,deception_silent,12.0,3,12.884375,0.01875,0.6916666666666667,0.6916666666666667,0.016666666666666666,0.0,0.0
avoidance_half,t12_l3,deception,12.0,3,11.89375,0.1625,2.1791666666666667,2.1791666666666667,0.425,0.0,0.0
avoidance_half,t12_l3,isolate,12.0,3,6.25,1.0,0.0,0.0,0.0,0.0,0.0
avoidance_half,t20_l0,revoke,20.0,0,17.5,0.0,0.0,0.0,0.0,0.0,0.0
avoidance_half,t20_l0,deception_silent,20.0,0,13.0125,0.01875,0.6916666666666667,0.6916666666666667,0.0,0.0,0.0
avoidance_half,t20_l0,deception,20.0,0,11.271875,0.196875,1.45,1.45,0.13333333333333333,0.0,0.0
avoidance_half,t20_l0,isolate,20.0,0,6.75,1.0,0.0,0.0,0.0,0.0,0.0
avoidance_half,t20_l1,revoke,20.0,1,17.5,0.0,0.0,0.0,0.0,0.0,0.0
avoidance_half,t20_l1,deception_silent,20.0,1,13.2875,0.0,0.6916666666666667,0.6916666666666667,0.0,0.0,0.0
avoidance_half,t20_l1,deception,20.0,1,11.915625,0.134375,1.3,1.3,0.13333333333333333,0.0,0.0
avoidance_half,t20_l1,isolate,20.0,1,7.5,1.0,0.0,0.0,0.0,0.0,0.0
avoidance_half,t20_l3,revoke,20.0,3,17.5,0.0,0.0,0.0,0.0,0.0,0.0
avoidance_half,t20_l3,deception_silent,20.0,3,13.684375,0.0,0.6916666666666667,0.6916666666666667,0.0,0.0,0.0
avoidance_half,t20_l3,deception,20.0,3,12.7875,0.096875,1.1958333333333333,1.1958333333333333,0.13333333333333333,0.0,0.0
avoidance_half,t20_l3,isolate,20.0,3,9.0,1.0,0.0,0.0,0.0,0.0,0.0
avoidance_half,t1000_l0,revoke,1000.0,0,17.5,0.0,0.0,0.0,0.0,0.0,0.0
avoidance_half,t1000_l0,deception_silent,1000.0,0,15.31875,0.0,0.6916666666666667,0.6916666666666667,0.0,0.0,0.0
avoidance_half,t1000_l0,deception,1000.0,0,15.31875,0.0,0.6916666666666667,0.6916666666666667,0.0,0.0,0.0
avoidance_half,t1000_l0,isolate,1000.0,0,17.5,0.0,0.0,0.0,0.0,0.0,0.0
avoidance_half,t1000_l1,revoke,1000.0,1,17.5,0.0,0.0,0.0,0.0,0.0,0.0
avoidance_half,t1000_l1,deception_silent,1000.0,1,15.31875,0.0,0.6916666666666667,0.6916666666666667,0.0,0.0,0.0
avoidance_half,t1000_l1,deception,1000.0,1,15.31875,0.0,0.6916666666666667,0.6916666666666667,0.0,0.0,0.0
avoidance_half,t1000_l1,isolate,1000.0,1,17.5,0.0,0.0,0.0,0.0,0.0,0.0
avoidance_half,t1000_l3,revoke,1000.0,3,17.5,0.0,0.0,0.0,0.0,0.0,0.0
avoidance_half,t1000_l3,deception_silent,1000.0,3,15.31875,0.0,0.6916666666666667,0.6916666666666667,0.0,0.0,0.0
avoidance_half,t1000_l3,deception,1000.0,3,15.31875,0.0,0.6916666666666667,0.6916666666666667,0.0,0.0,0.0
avoidance_half,t1000_l3,isolate,1000.0,3,17.5,0.0,0.0,0.0,0.0,0.0,0.0
avoidance_all,t3_l0,revoke,3.0,0,5.5,0.75,9.0,9.0,0.6666666666666666,0.0,0.0
avoidance_all,t3_l0,deception_silent,3.0,0,5.5,0.75,9.0,9.0,0.6666666666666666,0.0,0.0
avoidance_all,t3_l0,deception,3.0,0,5.5,0.75,9.0,9.0,0.6666666666666666,0.0,0.0
avoidance_all,t3_l0,isolate,3.0,0,2.0,1.0,9.0,9.0,0.6666666666666666,0.0,0.0
avoidance_all,t3_l1,revoke,3.0,1,16.0,0.25,8.333333333333334,8.333333333333334,0.6666666666666666,0.0,0.0
avoidance_all,t3_l1,deception_silent,3.0,1,16.0,0.25,8.333333333333334,8.333333333333334,0.6666666666666666,0.0,0.0
avoidance_all,t3_l1,deception,3.0,1,16.0,0.25,8.333333333333334,8.333333333333334,0.6666666666666666,0.0,0.0
avoidance_all,t3_l1,isolate,3.0,1,2.75,1.0,8.333333333333334,8.333333333333334,0.6666666666666666,0.0,0.0
avoidance_all,t3_l3,revoke,3.0,3,17.5,0.0,8.0,8.0,0.6666666666666666,0.0,0.0
avoidance_all,t3_l3,deception_silent,3.0,3,17.5,0.0,8.0,8.0,0.6666666666666666,0.0,0.0
avoidance_all,t3_l3,deception,3.0,3,17.5,0.0,8.0,8.0,0.6666666666666666,0.0,0.0
avoidance_all,t3_l3,isolate,3.0,3,4.25,1.0,8.0,8.0,0.6666666666666666,0.0,0.0
avoidance_all,t5_l0,revoke,5.0,0,5.5,0.75,5.333333333333333,5.333333333333333,0.6666666666666666,0.0,0.0
avoidance_all,t5_l0,deception_silent,5.0,0,5.5,0.75,5.333333333333333,5.333333333333333,0.6666666666666666,0.0,0.0
avoidance_all,t5_l0,deception,5.0,0,5.5,0.75,5.333333333333333,5.333333333333333,0.6666666666666666,0.0,0.0
avoidance_all,t5_l0,isolate,5.0,0,2.0,1.0,5.333333333333333,5.333333333333333,0.6666666666666666,0.0,0.0
avoidance_all,t5_l1,revoke,5.0,1,16.0,0.25,4.666666666666667,4.666666666666667,0.6666666666666666,0.0,0.0
avoidance_all,t5_l1,deception_silent,5.0,1,16.0,0.25,4.666666666666667,4.666666666666667,0.6666666666666666,0.0,0.0
avoidance_all,t5_l1,deception,5.0,1,16.0,0.25,4.666666666666667,4.666666666666667,0.6666666666666666,0.0,0.0
avoidance_all,t5_l1,isolate,5.0,1,2.75,1.0,4.666666666666667,4.666666666666667,0.6666666666666666,0.0,0.0
avoidance_all,t5_l3,revoke,5.0,3,17.5,0.0,4.333333333333333,4.333333333333333,0.6666666666666666,0.0,0.0
avoidance_all,t5_l3,deception_silent,5.0,3,17.5,0.0,4.333333333333333,4.333333333333333,0.6666666666666666,0.0,0.0
avoidance_all,t5_l3,deception,5.0,3,17.5,0.0,4.333333333333333,4.333333333333333,0.6666666666666666,0.0,0.0
avoidance_all,t5_l3,isolate,5.0,3,4.25,1.0,4.333333333333333,4.333333333333333,0.6666666666666666,0.0,0.0
avoidance_all,t8_l0,revoke,8.0,0,17.5,0.0,0.6666666666666666,0.6666666666666666,0.3333333333333333,0.0,0.0
avoidance_all,t8_l0,deception_silent,8.0,0,17.5,0.0,0.6666666666666666,0.6666666666666666,0.3333333333333333,0.0,0.0
avoidance_all,t8_l0,deception,8.0,0,17.5,0.0,0.6666666666666666,0.6666666666666666,0.3333333333333333,0.0,0.0
avoidance_all,t8_l0,isolate,8.0,0,3.0,1.0,0.6666666666666666,0.6666666666666666,0.3333333333333333,0.0,0.0
avoidance_all,t8_l1,revoke,8.0,1,17.5,0.0,0.3333333333333333,0.3333333333333333,0.3333333333333333,0.0,0.0
avoidance_all,t8_l1,deception_silent,8.0,1,17.5,0.0,0.3333333333333333,0.3333333333333333,0.3333333333333333,0.0,0.0
avoidance_all,t8_l1,deception,8.0,1,17.5,0.0,0.3333333333333333,0.3333333333333333,0.3333333333333333,0.0,0.0
avoidance_all,t8_l1,isolate,8.0,1,3.75,1.0,0.3333333333333333,0.3333333333333333,0.3333333333333333,0.0,0.0
avoidance_all,t8_l3,revoke,8.0,3,17.5,0.0,0.0,0.0,0.3333333333333333,0.0,0.0
avoidance_all,t8_l3,deception_silent,8.0,3,17.5,0.0,0.0,0.0,0.3333333333333333,0.0,0.0
avoidance_all,t8_l3,deception,8.0,3,17.5,0.0,0.0,0.0,0.3333333333333333,0.0,0.0
avoidance_all,t8_l3,isolate,8.0,3,5.25,1.0,0.0,0.0,0.3333333333333333,0.0,0.0
avoidance_all,t12_l0,revoke,12.0,0,17.5,0.0,0.0,0.0,0.0,0.0,0.0
avoidance_all,t12_l0,deception_silent,12.0,0,17.5,0.0,0.0,0.0,0.0,0.0,0.0
avoidance_all,t12_l0,deception,12.0,0,17.5,0.0,0.0,0.0,0.0,0.0,0.0
avoidance_all,t12_l0,isolate,12.0,0,4.0,1.0,0.0,0.0,0.0,0.0,0.0
avoidance_all,t12_l1,revoke,12.0,1,17.5,0.0,0.0,0.0,0.0,0.0,0.0
avoidance_all,t12_l1,deception_silent,12.0,1,17.5,0.0,0.0,0.0,0.0,0.0,0.0
avoidance_all,t12_l1,deception,12.0,1,17.5,0.0,0.0,0.0,0.0,0.0,0.0
avoidance_all,t12_l1,isolate,12.0,1,4.5,1.0,0.0,0.0,0.0,0.0,0.0
avoidance_all,t12_l3,revoke,12.0,3,17.5,0.0,0.0,0.0,0.0,0.0,0.0
avoidance_all,t12_l3,deception_silent,12.0,3,17.5,0.0,0.0,0.0,0.0,0.0,0.0
avoidance_all,t12_l3,deception,12.0,3,17.5,0.0,0.0,0.0,0.0,0.0,0.0
avoidance_all,t12_l3,isolate,12.0,3,6.25,1.0,0.0,0.0,0.0,0.0,0.0
avoidance_all,t20_l0,revoke,20.0,0,17.5,0.0,0.0,0.0,0.0,0.0,0.0
avoidance_all,t20_l0,deception_silent,20.0,0,17.5,0.0,0.0,0.0,0.0,0.0,0.0
avoidance_all,t20_l0,deception,20.0,0,17.5,0.0,0.0,0.0,0.0,0.0,0.0
avoidance_all,t20_l0,isolate,20.0,0,6.75,1.0,0.0,0.0,0.0,0.0,0.0
avoidance_all,t20_l1,revoke,20.0,1,17.5,0.0,0.0,0.0,0.0,0.0,0.0
avoidance_all,t20_l1,deception_silent,20.0,1,17.5,0.0,0.0,0.0,0.0,0.0,0.0
avoidance_all,t20_l1,deception,20.0,1,17.5,0.0,0.0,0.0,0.0,0.0,0.0
avoidance_all,t20_l1,isolate,20.0,1,7.5,1.0,0.0,0.0,0.0,0.0,0.0
avoidance_all,t20_l3,revoke,20.0,3,17.5,0.0,0.0,0.0,0.0,0.0,0.0
avoidance_all,t20_l3,deception_silent,20.0,3,17.5,0.0,0.0,0.0,0.0,0.0,0.0
avoidance_all,t20_l3,deception,20.0,3,17.5,0.0,0.0,0.0,0.0,0.0,0.0
avoidance_all,t20_l3,isolate,20.0,3,9.0,1.0,0.0,0.0,0.0,0.0,0.0
avoidance_all,t1000_l0,revoke,1000.0,0,17.5,0.0,0.0,0.0,0.0,0.0,0.0
avoidance_all,t1000_l0,deception_silent,1000.0,0,17.5,0.0,0.0,0.0,0.0,0.0,0.0
avoidance_all,t1000_l0,deception,1000.0,0,17.5,0.0,0.0,0.0,0.0,0.0,0.0
avoidance_all,t1000_l0,isolate,1000.0,0,17.5,0.0,0.0,0.0,0.0,0.0,0.0
avoidance_all,t1000_l1,revoke,1000.0,1,17.5,0.0,0.0,0.0,0.0,0.0,0.0
avoidance_all,t1000_l1,deception_silent,1000.0,1,17.5,0.0,0.0,0.0,0.0,0.0,0.0
avoidance_all,t1000_l1,deception,1000.0,1,17.5,0.0,0.0,0.0,0.0,0.0,0.0
avoidance_all,t1000_l1,isolate,1000.0,1,17.5,0.0,0.0,0.0,0.0,0.0,0.0
avoidance_all,t1000_l3,revoke,1000.0,3,17.5,0.0,0.0,0.0,0.0,0.0,0.0
avoidance_all,t1000_l3,deception_silent,1000.0,3,17.5,0.0,0.0,0.0,0.0,0.0,0.0
avoidance_all,t1000_l3,deception,1000.0,3,17.5,0.0,0.0,0.0,0.0,0.0,0.0
avoidance_all,t1000_l3,isolate,1000.0,3,17.5,0.0,0.0,0.0,0.0,0.0,0.0
adaptive_avoidance,t3_l0,revoke,3.0,0,5.5,0.75,9.0,9.0,0.6666666666666666,0.0,0.0
adaptive_avoidance,t3_l0,deception_silent,3.0,0,1.63125,0.884375,9.958333333333334,9.958333333333334,0.6666666666666666,0.0,0.0
adaptive_avoidance,t3_l0,deception,3.0,0,1.63125,0.884375,9.958333333333334,9.958333333333334,0.6666666666666666,0.0,0.0
adaptive_avoidance,t3_l0,isolate,3.0,0,2.0,1.0,9.0,9.0,0.6666666666666666,0.0,0.0
adaptive_avoidance,t3_l1,revoke,3.0,1,16.0,0.25,8.333333333333334,8.333333333333334,0.6666666666666666,0.0,0.0
adaptive_avoidance,t3_l1,deception_silent,3.0,1,7.409375,0.525,9.291666666666666,9.291666666666666,0.6666666666666666,0.0,0.0
adaptive_avoidance,t3_l1,deception,3.0,1,7.409375,0.525,9.291666666666666,9.291666666666666,0.6666666666666666,0.0,0.0
adaptive_avoidance,t3_l1,isolate,3.0,1,2.75,1.0,8.333333333333334,8.333333333333334,0.6666666666666666,0.0,0.0
adaptive_avoidance,t3_l3,revoke,3.0,3,17.5,0.0,8.0,8.0,0.6666666666666666,0.0,0.0
adaptive_avoidance,t3_l3,deception_silent,3.0,3,10.0375,0.296875,8.958333333333334,8.958333333333334,0.6666666666666666,0.0,0.0
adaptive_avoidance,t3_l3,deception,3.0,3,10.0375,0.296875,8.958333333333334,8.958333333333334,0.6666666666666666,0.0,0.0
adaptive_avoidance,t3_l3,isolate,3.0,3,4.25,1.0,8.0,8.0,0.6666666666666666,0.0,0.0
adaptive_avoidance,t5_l0,revoke,5.0,0,5.5,0.75,5.333333333333333,5.333333333333333,0.6666666666666666,0.0,0.0
adaptive_avoidance,t5_l0,deception_silent,5.0,0,1.63125,0.884375,6.833333333333333,6.833333333333333,0.6666666666666666,0.0,0.0
adaptive_avoidance,t5_l0,deception,5.0,0,1.63125,0.884375,8.245833333333334,8.245833333333334,0.6666666666666666,0.0,0.0
adaptive_avoidance,t5_l0,isolate,5.0,0,2.0,1.0,5.333333333333333,5.333333333333333,0.6666666666666666,0.0,0.0
adaptive_avoidance,t5_l1,revoke,5.0,1,16.0,0.25,4.666666666666667,4.666666666666667,0.6666666666666666,0.0,0.0
adaptive_avoidance,t5_l1,deception_silent,5.0,1,7.409375,0.525,5.433333333333334,5.433333333333334,0.6666666666666666,0.0,0.0
adaptive_avoidance,t5_l1,deception,5.0,1,7.409375,0.525,7.579166666666667,7.579166666666667,0.6666666666666666,0.0,0.0
adaptive_avoidance,t5_l1,isolate,5.0,1,2.75,1.0,4.666666666666667,4.666666666666667,0.6666666666666666,0.0,0.0
adaptive_avoidance,t5_l3,revoke,5.0,3,17.5,0.0,4.333333333333333,4.333333333333333,0.6666666666666666,0.0,0.0
adaptive_avoidance,t5_l3,deception_silent,5.0,3,10.0375,0.296875,5.1,5.1,0.6666666666666666,0.0,0.0
adaptive_avoidance,t5_l3,deception,5.0,3,10.0375,0.296875,7.245833333333334,7.245833333333334,0.6666666666666666,0.0,0.0
adaptive_avoidance,t5_l3,isolate,5.0,3,4.25,1.0,4.333333333333333,4.333333333333333,0.6666666666666666,0.0,0.0
adaptive_avoidance,t8_l0,revoke,8.0,0,17.5,0.0,0.6666666666666666,0.6666666666666666,0.3333333333333333,0.0,0.0
adaptive_avoidance,t8_l0,deception_silent,8.0,0,7.878125,0.45,2.9583333333333335,2.9583333333333335,0.3333333333333333,0.0,0.0
adaptive_avoidance,t8_l0,deception,8.0,0,7.703125,0.45,7.416666666666667,7.416666666666667,0.6125,0.0,0.0
adaptive_avoidance,t8_l0,isolate,8.0,0,3.0,1.0,0.6666666666666666,0.6666666666666666,0.3333333333333333,0.0,0.0
adaptive_avoidance,t8_l1,revoke,8.0,1,17.5,0.0,0.3333333333333333,0.3333333333333333,0.3333333333333333,0.0,0.0
adaptive_avoidance,t8_l1,deception_silent,8.0,1,9.79375,0.296875,2.6125,2.6125,0.3333333333333333,0.0,0.0
adaptive_avoidance,t8_l1,deception,8.0,1,7.721875,0.45,6.804166666666666,6.804166666666666,0.6125,0.0,0.0
adaptive_avoidance,t8_l1,isolate,8.0,1,3.75,1.0,0.3333333333333333,0.3333333333333333,0.3333333333333333,0.0,0.0
adaptive_avoidance,t8_l3,revoke,8.0,3,17.5,0.0,0.0,0.0,0.3333333333333333,0.0,0.0
adaptive_avoidance,t8_l3,deception_silent,8.0,3,12.725,0.153125,2.279166666666667,2.279166666666667,0.3333333333333333,0.0,0.0
adaptive_avoidance,t8_l3,deception,8.0,3,10.20625,0.296875,6.470833333333333,6.470833333333333,0.6125,0.0,0.0
adaptive_avoidance,t8_l3,isolate,8.0,3,5.25,1.0,0.0,0.0,0.3333333333333333,0.0,0.0
adaptive_avoidance,t12_l0,revoke,12.0,0,17.5,0.0,0.0,0.0,0.0,0.0,0.0
adaptive_avoidance,t12_l0,deception_silent,12.0,0,10.28125,0.275,0.9916666666666667,0.9916666666666667,0.0,0.0,0.0
adaptive_avoidance,t12_l0,deception,12.0,0,7.703125,0.45,5.533333333333333,5.533333333333333,0.5875,0.0,0.0
adaptive_avoidance,t12_l0,isolate,12.0,0,4.0,1.0,0.0,0.0,0.0,0.0,0.0
adaptive_avoidance,t12_l1,revoke,12.0,1,17.5,0.0,0.0,0.0,0.0,0.0,0.0
adaptive_avoidance,t12_l1,deception_silent,12.0,1,12.596875,0.153125,0.9916666666666667,0.9916666666666667,0.0,0.0,0.0
adaptive_avoidance,t12_l1,deception,12.0,1,7.85625,0.45,4.1,4.1,0.5875,0.0,0.0
adaptive_avoidance,t12_l1,isolate,12.0,1,4.5,1.0,0.0,0.0,0.0,0.0,0.0
adaptive_avoidance,t12_l3,revoke,12.0,3,17.5,0.0,0.0,0.0,0.0,0.0,0.0
adaptive_avoidance,t12_l3,deception_silent,12.0,3,13.775,0.0,0.9916666666666667,0.9916666666666667,0.0,0.0,0.0
adaptive_avoidance,t12_l3,deception,12.0,3,10.50625,0.296875,3.7916666666666665,3.7916666666666665,0.5875,0.0,0.0
adaptive_avoidance,t12_l3,isolate,12.0,3,6.25,1.0,0.0,0.0,0.0,0.0,0.0
adaptive_avoidance,t20_l0,revoke,20.0,0,17.5,0.0,0.0,0.0,0.0,0.0,0.0
adaptive_avoidance,t20_l0,deception_silent,20.0,0,13.984375,0.0,0.9916666666666667,0.9916666666666667,0.0,0.0,0.0
adaptive_avoidance,t20_l0,deception,20.0,0,7.984375,0.409375,2.8333333333333335,2.8333333333333335,0.2708333333333333,0.0,0.0
adaptive_avoidance,t20_l0,isolate,20.0,0,6.75,1.0,0.0,0.0,0.0,0.0,0.0
adaptive_avoidance,t20_l1,revoke,20.0,1,17.5,0.0,0.0,0.0,0.0,0.0,0.0
adaptive_avoidance,t20_l1,deception_silent,20.0,1,14.484375,0.0,0.9916666666666667,0.9916666666666667,0.0,0.0,0.0
adaptive_avoidance,t20_l1,deception,20.0,1,10.428125,0.275,2.55,2.55,0.2708333333333333,0.0,0.0
adaptive_avoidance,t20_l1,isolate,20.0,1,7.5,1.0,0.0,0.0,0.0,0.0,0.0
adaptive_avoidance,t20_l3,revoke,20.0,3,17.5,0.0,0.0,0.0,0.0,0.0,0.0
adaptive_avoidance,t20_l3,deception_silent,20.0,3,15.2875,0.0,0.9916666666666667,0.9916666666666667,0.0,0.0,0.0
adaptive_avoidance,t20_l3,deception,20.0,3,14.0625,0.153125,2.279166666666667,2.279166666666667,0.2708333333333333,0.0,0.0
adaptive_avoidance,t20_l3,isolate,20.0,3,9.0,1.0,0.0,0.0,0.0,0.0,0.0
adaptive_avoidance,t1000_l0,revoke,1000.0,0,17.5,0.0,0.0,0.0,0.0,0.0,0.0
adaptive_avoidance,t1000_l0,deception_silent,1000.0,0,15.865625,0.0,0.9916666666666667,0.9916666666666667,0.0,0.0,0.0
adaptive_avoidance,t1000_l0,deception,1000.0,0,15.865625,0.0,0.9916666666666667,0.9916666666666667,0.0,0.0,0.0
adaptive_avoidance,t1000_l0,isolate,1000.0,0,17.5,0.0,0.0,0.0,0.0,0.0,0.0
adaptive_avoidance,t1000_l1,revoke,1000.0,1,17.5,0.0,0.0,0.0,0.0,0.0,0.0
adaptive_avoidance,t1000_l1,deception_silent,1000.0,1,15.865625,0.0,0.9916666666666667,0.9916666666666667,0.0,0.0,0.0
adaptive_avoidance,t1000_l1,deception,1000.0,1,15.865625,0.0,0.9916666666666667,0.9916666666666667,0.0,0.0,0.0
adaptive_avoidance,t1000_l1,isolate,1000.0,1,17.5,0.0,0.0,0.0,0.0,0.0,0.0
adaptive_avoidance,t1000_l3,revoke,1000.0,3,17.5,0.0,0.0,0.0,0.0,0.0,0.0
adaptive_avoidance,t1000_l3,deception_silent,1000.0,3,15.865625,0.0,0.9916666666666667,0.9916666666666667,0.0,0.0,0.0
adaptive_avoidance,t1000_l3,deception,1000.0,3,15.865625,0.0,0.9916666666666667,0.9916666666666667,0.0,0.0,0.0
adaptive_avoidance,t1000_l3,isolate,1000.0,3,17.5,0.0,0.0,0.0,0.0,0.0,0.0
combined,t3_l0,revoke,3.0,0,5.003125,0.75,9.0,9.0,0.6666666666666666,0.0,0.0
combined,t3_l0,deception_silent,3.0,0,2.953125,0.828125,9.279166666666667,9.279166666666667,0.6666666666666666,0.0,0.0
combined,t3_l0,deception,3.0,0,2.953125,0.828125,9.279166666666667,9.279166666666667,0.6666666666666666,0.0,0.0
combined,t3_l0,isolate,3.0,0,3.90625,0.846875,12.333333333333334,9.0,0.6666666666666666,3.3333333333333335,5.0625
combined,t3_l1,revoke,3.0,1,12.79375,0.3125,8.333333333333334,8.333333333333334,0.6666666666666666,0.0,0.0
combined,t3_l1,deception_silent,3.0,1,8.346875,0.45625,8.6125,8.6125,0.6666666666666666,0.0,0.0
combined,t3_l1,deception,3.0,1,8.346875,0.45625,8.6125,8.6125,0.6666666666666666,0.0,0.0
combined,t3_l1,isolate,3.0,1,10.11875,0.5125,11.5,8.333333333333334,0.6666666666666666,3.1666666666666665,4.8125
combined,t3_l3,revoke,3.0,3,14.965625,0.040625,8.0,8.0,0.6666666666666666,0.0,0.0
combined,t3_l3,deception_silent,3.0,3,10.06875,0.24375,8.279166666666667,8.279166666666667,0.6666666666666666,0.0,0.0
combined,t3_l3,deception,3.0,3,10.06875,0.24375,8.279166666666667,8.279166666666667,0.6666666666666666,0.0,0.0
combined,t3_l3,isolate,3.0,3,12.096875,0.3125,10.833333333333334,8.0,0.6666666666666666,2.8333333333333335,4.3125
combined,t5_l0,revoke,5.0,0,5.003125,0.75,5.333333333333333,5.333333333333333,0.6666666666666666,0.0,0.0
combined,t5_l0,deception_silent,5.0,0,2.953125,0.828125,5.833333333333333,5.833333333333333,0.6666666666666666,0.0,0.0
combined,t5_l0,deception,5.0,0,2.953125,0.828125,6.6375,6.6375,0.6666666666666666,0.0,0.0
combined,t5_l0,isolate,5.0,0,3.90625,0.846875,7.333333333333333,5.333333333333333,0.6666666666666666,2.0,5.0625
combined,t5_l1,revoke,5.0,1,12.79375,0.3125,4.666666666666667,4.666666666666667,0.6666666666666666,0.0,0.0
combined,t5_l1,deception_silent,5.0,1,8.346875,0.45625,5.1,5.1,0.6666666666666666,0.0,0.0
combined,t5_l1,deception,5.0,1,8.346875,0.45625,5.970833333333333,5.970833333333333,0.6666666666666666,0.0,0.0
combined,t5_l1,isolate,5.0,1,10.11875,0.5125,6.5,4.666666666666667,0.6666666666666666,1.8333333333333333,4.8125
combined,t5_l3,revoke,5.0,3,14.965625,0.040625,4.333333333333333,4.333333333333333,0.6666666666666666,0.0,0.0
combined,t5_l3,deception_silent,5.0,3,10.06875,0.24375,4.766666666666667,4.766666666666667,0.6666666666666666,0.0,0.0
combined,t5_l3,deception,5.0,3,10.06875,0.24375,5.6375,5.6375,0.6666666666666666,0.0,0.0
combined,t5_l3,isolate,5.0,3,12.096875,0.3125,5.833333333333333,4.333333333333333,0.6666666666666666,1.5,4.3125
combined,t8_l0,revoke,8.0,0,14.13125,0.090625,0.675,0.675,0.3333333333333333,0.0,0.0
combined,t8_l0,deception_silent,8.0,0,9.165625,0.30625,1.625,1.625,0.3333333333333333,0.0,0.0
combined,t8_l0,deception,8.0,0,9.1125,0.30625,4.516666666666667,4.516666666666667,0.5,0.0,0.0
combined,t8_l0,isolate,8.0,0,11.18125,0.346875,0.925,0.675,0.3333333333333333,0.25,4.6875
combined,t8_l1,revoke,8.0,1,14.953125,0.040625,0.3333333333333333,0.3333333333333333,0.3333333333333333,0.0,0.0
combined,t8_l1,deception_silent,8.0,1,9.953125,0.253125,1.2625,1.2625,0.3333333333333333,0.0,0.0
combined,t8_l1,deception,8.0,1,9.7375,0.26875,3.995833333333333,3.995833333333333,0.5,0.0,0.0
combined,t8_l1,isolate,8.0,1,11.959375,0.3125,0.5,0.3333333333333333,0.3333333333333333,0.16666666666666666,4.4375
combined,t8_l3,revoke,8.0,3,15.240625,0.00625,0.0,0.0,0.3333333333333333,0.0,0.0
combined,t8_l3,deception_silent,8.0,3,11.221875,0.15,0.9291666666666667,0.9291666666666667,0.3333333333333333,0.0,0.0
combined,t8_l3,deception,8.0,3,10.296875,0.228125,3.6625,3.6625,0.5,0.0,0.0
combined,t8_l3,isolate,8.0,3,12.565625,0.284375,0.0,0.0,0.3333333333333333,0.0,3.9375
combined,t12_l0,revoke,12.0,0,15.071875,0.01875,0.0,0.0,0.0,0.0,0.0
combined,t12_l0,deception_silent,12.0,0,10.315625,0.2125,0.7208333333333333,0.7208333333333333,0.0,0.0,0.0
combined,t12_l0,deception,12.0,0,9.746875,0.265625,2.975,2.975,0.425,0.0,0.0
combined,t12_l0,isolate,12.0,0,12.134375,0.290625,0.0,0.0,0.0,0.0,4.309375
combined,t12_l1,revoke,12.0,1,15.240625,0.00625,0.0,0.0,0.0,0.0,0.0
combined,t12_l1,deception_silent,12.0,1,10.853125,0.175,0.7208333333333333,0.7208333333333333,0.0,0.0,0.0
combined,t12_l1,deception,12.0,1,9.94375,0.253125,2.45,2.45,0.425,0.0,0.0
combined,t12_l1,isolate,12.0,1,12.35,0.284375,0.0,0.0,0.0,0.0,4.059375
combined,t12_l3,revoke,12.0,3,15.546875,0.0,0.0,0.0,0.0,0.0,0.0
combined,t12_l3,deception_silent,12.0,3,12.084375,0.09375,0.7208333333333333,0.7208333333333333,0.0,0.0,0.0
combined,t12_l3,deception,12.0,3,10.8375,0.20625,2.191666666666667,2.191666666666667,0.425,0.0,0.0
combined,t12_l3,isolate,12.0,3,13.06875,0.278125,0.0,0.0,0.0,0.0,3.559375
combined,t20_l0,revoke,20.0,0,15.65625,0.0,0.0,0.0,0.0,0.0,0.0
combined,t20_l0,deception_silent,20.0,0,12.328125,0.06875,0.7208333333333333,0.7208333333333333,0.0,0.0,0.0
combined,t20_l0,deception,20.0,0,10.478125,0.209375,1.4166666666666667,1.4166666666666667,0.13333333333333333,0.0,0.0
combined,t20_l0,isolate,20.0,0,13.259375,0.278125,0.0,0.0,0.0,0.0,3.1265625
combined,t20_l1,revoke,20.0,1,15.86875,0.0,0.0,0.0,0.0,0.0,0.0
combined,t20_l1,deception_silent,20.0,1,12.665625,0.0625,0.7208333333333333,0.7208333333333333,0.0,0.0,0.0
combined,t20_l1,deception,20.0,1,10.975,0.203125,1.2166666666666666,1.2166666666666666,0.13333333333333333,0.0,0.0
combined,t20_l1,isolate,20.0,1,13.55625,0.278125,0.0,0.0,0.0,0.0,2.8765625
combined,t20_l3,revoke,20.0,3,16.196875,0.0,0.0,0.0,0.0,0.0,0.0
combined,t20_l3,deception_silent,20.0,3,13.4375,0.040625,0.7208333333333333,0.7208333333333333,0.0,0.0,0.0
combined,t20_l3,deception,20.0,3,12.309375,0.134375,1.0916666666666666,1.0916666666666666,0.13333333333333333,0.0,0.0
combined,t20_l3,isolate,20.0,3,14.209375,0.278125,0.0,0.0,0.0,0.0,2.3765625
combined,t1000_l0,revoke,1000.0,0,17.56875,0.0,0.0,0.0,0.0,0.0,0.0
combined,t1000_l0,deception_silent,1000.0,0,15.946875,0.0,0.7208333333333333,0.7208333333333333,0.0,0.0,0.0
combined,t1000_l0,deception,1000.0,0,15.946875,0.0,0.7208333333333333,0.7208333333333333,0.0,0.0,0.0
combined,t1000_l0,isolate,1000.0,0,17.56875,0.0,0.0,0.0,0.0,0.0,0.0
combined,t1000_l1,revoke,1000.0,1,17.56875,0.0,0.0,0.0,0.0,0.0,0.0
combined,t1000_l1,deception_silent,1000.0,1,15.946875,0.0,0.7208333333333333,0.7208333333333333,0.0,0.0,0.0
combined,t1000_l1,deception,1000.0,1,15.946875,0.0,0.7208333333333333,0.7208333333333333,0.0,0.0,0.0
combined,t1000_l1,isolate,1000.0,1,17.56875,0.0,0.0,0.0,0.0,0.0,0.0
combined,t1000_l3,revoke,1000.0,3,17.56875,0.0,0.0,0.0,0.0,0.0,0.0
combined,t1000_l3,deception_silent,1000.0,3,15.946875,0.0,0.7208333333333333,0.7208333333333333,0.0,0.0,0.0
combined,t1000_l3,deception,1000.0,3,15.946875,0.0,0.7208333333333333,0.7208333333333333,0.0,0.0,0.0
combined,t1000_l3,isolate,1000.0,3,17.56875,0.0,0.0,0.0,0.0,0.0,0.0
