environment,split,budget,alert_limit,silent_candidate,signal_candidate,calibration_feasible,heldout_both_feasible,metric,difference,ci_low,ci_high,seeds
ideal,test,0.0,0.34,,,False,False,harm,,,,200
ideal,test,0.0,0.34,,,False,False,containment,,,,200
ideal,test,0.0,0.34,,,False,False,benign_cost,,,,200
ideal,test,0.0,0.67,,,False,False,harm,,,,200
ideal,test,0.0,0.67,,,False,False,containment,,,,200
ideal,test,0.0,0.67,,,False,False,benign_cost,,,,200
ideal,test,1.0,0.34,,,False,False,harm,,,,200
ideal,test,1.0,0.34,,,False,False,containment,,,,200
ideal,test,1.0,0.34,,,False,False,benign_cost,,,,200
ideal,test,1.0,0.67,,,False,False,harm,,,,200
ideal,test,1.0,0.67,,,False,False,containment,,,,200
ideal,test,1.0,0.67,,,False,False,benign_cost,,,,200
ideal,test,3.0,0.34,t8_l1,t20_l1,True,True,harm,0.25,0.18125,0.3225,200
ideal,test,3.0,0.34,t8_l1,t20_l1,True,True,containment,-0.03125,-0.04253125000000001,-0.02,200
ideal,test,3.0,0.34,t8_l1,t20_l1,True,True,benign_cost,-0.026666666666666665,-0.06166666666666666,0.011666666666666669,200
ideal,test,3.0,0.67,t8_l1,t20_l1,True,True,harm,0.25,0.18125,0.3225,200
ideal,test,3.0,0.67,t8_l1,t20_l1,True,True,containment,-0.03125,-0.04253125000000001,-0.02,200
ideal,test,3.0,0.67,t8_l1,t20_l1,True,True,benign_cost,-0.026666666666666665,-0.06166666666666666,0.011666666666666669,200
ideal,test,6.0,0.34,t8_l0,t20_l0,True,True,harm,0.22125,0.14621874999999998,0.31378124999999996,200
ideal,test,6.0,0.34,t8_l0,t20_l0,True,True,containment,-0.0625,-0.08125,-0.045,200
ideal,test,6.0,0.34,t8_l0,t20_l0,True,True,benign_cost,-0.05499999999999999,-0.10833333333333332,3.885780586188048e-18,200
ideal,test,6.0,0.67,t5_l1,t12_l0,True,True,harm,0.25125,0.1875,0.32003125,200
ideal,test,6.0,0.67,t5_l1,t12_l0,True,True,containment,-0.08,-0.09625,-0.065,200
ideal,test,6.0,0.67,t5_l1,t12_l0,True,True,benign_cost,-0.16166666666666668,-0.40666666666666673,0.07341666666666666,200
ideal,test,12.0,0.34,t8_l0,t20_l0,True,True,harm,0.22125,0.14621874999999998,0.31378124999999996,200
ideal,test,12.0,0.34,t8_l0,t20_l0,True,True,containment,-0.0625,-0.08125,-0.045,200
ideal,test,12.0,0.34,t8_l0,t20_l0,True,True,benign_cost,-0.05499999999999999,-0.10833333333333332,3.885780586188048e-18,200
ideal,test,12.0,0.67,t5_l0,t5_l0,True,True,harm,0.0,0.0,0.0,200
ideal,test,12.0,0.67,t5_l0,t5_l0,True,True,containment,0.0,0.0,0.0,200
ideal,test,12.0,0.67,t5_l0,t5_l0,True,True,benign_cost,1.5166666666666666,1.3616249999999999,1.67,200
ideal,family_shift,0.0,0.34,,,False,False,harm,,,,200
ideal,family_shift,0.0,0.34,,,False,False,containment,,,,200
ideal,family_shift,0.0,0.34,,,False,False,benign_cost,,,,200
ideal,family_shift,0.0,0.67,,,False,False,harm,,,,200
ideal,family_shift,0.0,0.67,,,False,False,containment,,,,200
ideal,family_shift,0.0,0.67,,,False,False,benign_cost,,,,200
ideal,family_shift,1.0,0.34,,,False,False,harm,,,,200
ideal,family_shift,1.0,0.34,,,False,False,containment,,,,200
ideal,family_shift,1.0,0.34,,,False,False,benign_cost,,,,200
ideal,family_shift,1.0,0.67,,,False,False,harm,,,,200
ideal,family_shift,1.0,0.67,,,False,False,containment,,,,200
ideal,family_shift,1.0,0.67,,,False,False,benign_cost,,,,200
ideal,family_shift,3.0,0.34,t8_l1,t20_l1,True,False,harm,0.5725,0.4074999999999999,0.7575,200
ideal,family_shift,3.0,0.34,t8_l1,t20_l1,True,False,containment,-0.0525,-0.075,-0.0325,200
ideal,family_shift,3.0,0.34,t8_l1,t20_l1,True,False,benign_cost,-1.93,-2.1825625000000004,-1.6874375000000001,200
ideal,family_shift,3.0,0.67,t8_l1,t20_l1,True,False,harm,0.5725,0.4074999999999999,0.7575,200
ideal,family_shift,3.0,0.67,t8_l1,t20_l1,True,False,containment,-0.0525,-0.075,-0.0325,200
ideal,family_shift,3.0,0.67,t8_l1,t20_l1,True,False,benign_cost,-1.93,-2.1825625000000004,-1.6874375000000001,200
ideal,family_shift,6.0,0.34,t8_l0,t20_l0,True,False,harm,0.135,0.0825,0.195,200
ideal,family_shift,6.0,0.34,t8_l0,t20_l0,True,False,containment,-0.0525,-0.075,-0.0325,200
ideal,family_shift,6.0,0.34,t8_l0,t20_l0,True,False,benign_cost,-2.0175,-2.2775624999999997,-1.7624375,200
ideal,family_shift,6.0,0.67,t5_l1,t12_l0,True,False,harm,0.525,0.42749999999999994,0.6325,200
ideal,family_shift,6.0,0.67,t5_l1,t12_l0,True,False,containment,-0.155,-0.1875,-0.125,200
ideal,family_shift,6.0,0.67,t5_l1,t12_l0,True,False,benign_cost,-0.81,-1.1175624999999998,-0.5249375000000001,200
ideal,family_shift,12.0,0.34,t8_l0,t20_l0,True,False,harm,0.135,0.0825,0.195,200
ideal,family_shift,12.0,0.34,t8_l0,t20_l0,True,False,containment,-0.0525,-0.075,-0.0325,200
ideal,family_shift,12.0,0.34,t8_l0,t20_l0,True,False,benign_cost,-2.0175,-2.2775624999999997,-1.7624375,200
ideal,family_shift,12.0,0.67,t5_l0,t5_l0,True,False,harm,0.0,0.0,0.0,200
ideal,family_shift,12.0,0.67,t5_l0,t5_l0,True,False,containment,0.0,0.0,0.0,200
ideal,family_shift,12.0,0.67,t5_l0,t5_l0,True,False,benign_cost,1.485,1.3324375,1.6324999999999998,200
coverage_half,test,0.0,0.34,,,False,False,harm,,,,200
coverage_half,test,0.0,0.34,,,False,False,containment,,,,200
coverage_half,test,0.0,0.34,,,False,False,benign_cost,,,,200
coverage_half,test,0.0,0.67,,,False,False,harm,,,,200
coverage_half,test,0.0,0.67,,,False,False,containment,,,,200
coverage_half,test,0.0,0.67,,,False,False,benign_cost,,,,200
coverage_half,test,1.0,0.34,,,False,False,harm,,,,200
coverage_half,test,1.0,0.34,,,False,False,containment,,,,200
coverage_half,test,1.0,0.34,,,False,False,benign_cost,,,,200
coverage_half,test,1.0,0.67,,,False,False,harm,,,,200
coverage_half,test,1.0,0.67,,,False,False,containment,,,,200
coverage_half,test,1.0,0.67,,,False,False,benign_cost,,,,200
coverage_half,test,3.0,0.34,t8_l1,t20_l1,True,True,harm,0.25,0.1825,0.3212499999999999,200
coverage_half,test,3.0,0.34,t8_l1,t20_l1,True,True,containment,-0.03125,-0.04375,-0.02,200
coverage_half,test,3.0,0.34,t8_l1,t20_l1,True,True,benign_cost,-0.026666666666666665,-0.06,0.010000000000000002,200
coverage_half,test,3.0,0.67,t8_l1,t20_l1,True,True,harm,0.25,0.1825,0.3212499999999999,200
coverage_half,test,3.0,0.67,t8_l1,t20_l1,True,True,containment,-0.03125,-0.04375,-0.02,200
coverage_half,test,3.0,0.67,t8_l1,t20_l1,True,True,benign_cost,-0.026666666666666665,-0.06,0.010000000000000002,200
coverage_half,test,6.0,0.34,t8_l0,t20_l0,True,True,harm,0.22125,0.14375,0.31125,200
coverage_half,test,6.0,0.34,t8_l0,t20_l0,True,True,containment,-0.0625,-0.0825,-0.045,200
coverage_half,test,6.0,0.34,t8_l0,t20_l0,True,True,benign_cost,-0.05499999999999999,-0.108375,0.0017083333333333364,200
coverage_half,test,6.0,0.67,t5_l1,t12_l0,True,True,harm,0.25125,0.18871875,0.3175,200
coverage_half,test,6.0,0.67,t5_l1,t12_l0,True,True,containment,-0.08,-0.09625,-0.065,200
coverage_half,test,6.0,0.67,t5_l1,t12_l0,True,True,benign_cost,-0.16166666666666668,-0.40166666666666656,0.06499999999999999,200
coverage_half,test,12.0,0.34,t8_l0,t20_l0,True,True,harm,0.22125,0.14375,0.31125,200
coverage_half,test,12.0,0.34,t8_l0,t20_l0,True,True,containment,-0.0625,-0.0825,-0.045,200
coverage_half,test,12.0,0.34,t8_l0,t20_l0,True,True,benign_cost,-0.05499999999999999,-0.108375,0.0017083333333333364,200
coverage_half,test,12.0,0.67,t5_l0,t5_l0,True,True,harm,0.0,0.0,0.0,200
coverage_half,test,12.0,0.67,t5_l0,t5_l0,True,True,containment,0.0,0.0,0.0,200
coverage_half,test,12.0,0.67,t5_l0,t5_l0,True,True,benign_cost,1.5166666666666666,1.3715833333333332,1.6867083333333333,200
coverage_half,family_shift,0.0,0.34,,,False,False,harm,,,,200
coverage_half,family_shift,0.0,0.34,,,False,False,containment,,,,200
coverage_half,family_shift,0.0,0.34,,,False,False,benign_cost,,,,200
coverage_half,family_shift,0.0,0.67,,,False,False,harm,,,,200
coverage_half,family_shift,0.0,0.67,,,False,False,containment,,,,200
coverage_half,family_shift,0.0,0.67,,,False,False,benign_cost,,,,200
coverage_half,family_shift,1.0,0.34,,,False,False,harm,,,,200
coverage_half,family_shift,1.0,0.34,,,False,False,containment,,,,200
coverage_half,family_shift,1.0,0.34,,,False,False,benign_cost,,,,200
coverage_half,family_shift,1.0,0.67,,,False,False,harm,,,,200
coverage_half,family_shift,1.0,0.67,,,False,False,containment,,,,200
coverage_half,family_shift,1.0,0.67,,,False,False,benign_cost,,,,200
coverage_half,family_shift,3.0,0.34,t8_l1,t20_l1,True,False,harm,0.5725,0.4149999999999999,0.7575,200
coverage_half,family_shift,3.0,0.34,t8_l1,t20_l1,True,False,containment,-0.0525,-0.075,-0.0325,200
coverage_half,family_shift,3.0,0.34,t8_l1,t20_l1,True,False,benign_cost,-1.93,-2.1800625000000005,-1.685,200
coverage_half,family_shift,3.0,0.67,t8_l1,t20_l1,True,False,harm,0.5725,0.4149999999999999,0.7575,200
coverage_half,family_shift,3.0,0.67,t8_l1,t20_l1,True,False,containment,-0.0525,-0.075,-0.0325,200
coverage_half,family_shift,3.0,0.67,t8_l1,t20_l1,True,False,benign_cost,-1.93,-2.1800625000000005,-1.685,200
coverage_half,family_shift,6.0,0.34,t8_l0,t20_l0,True,False,harm,0.135,0.08,0.1950625,200
coverage_half,family_shift,6.0,0.34,t8_l0,t20_l0,True,False,containment,-0.0525,-0.075,-0.0325,200
coverage_half,family_shift,6.0,0.34,t8_l0,t20_l0,True,False,benign_cost,-2.0175,-2.2725,-1.7450000000000003,200
coverage_half,family_shift,6.0,0.67,t5_l1,t12_l0,True,False,harm,0.525,0.42749999999999994,0.6275,200
coverage_half,family_shift,6.0,0.67,t5_l1,t12_l0,True,False,containment,-0.155,-0.1875,-0.12249999999999998,200
coverage_half,family_shift,6.0,0.67,t5_l1,t12_l0,True,False,benign_cost,-0.81,-1.1075,-0.5222499999999999,200
coverage_half,family_shift,12.0,0.34,t8_l0,t20_l0,True,False,harm,0.135,0.08,0.1950625,200
coverage_half,family_shift,12.0,0.34,t8_l0,t20_l0,True,False,containment,-0.0525,-0.075,-0.0325,200
coverage_half,family_shift,12.0,0.34,t8_l0,t20_l0,True,False,benign_cost,-2.0175,-2.2725,-1.7450000000000003,200
coverage_half,family_shift,12.0,0.67,t5_l0,t5_l0,True,False,harm,0.0,0.0,0.0,200
coverage_half,family_shift,12.0,0.67,t5_l0,t5_l0,True,False,containment,0.0,0.0,0.0,200
coverage_half,family_shift,12.0,0.67,t5_l0,t5_l0,True,False,benign_cost,1.485,1.3400000000000003,1.6350000000000002,200
reliability_half,test,0.0,0.34,,,False,False,harm,,,,200
reliability_half,test,0.0,0.34,,,False,False,containment,,,,200
reliability_half,test,0.0,0.34,,,False,False,benign_cost,,,,200
reliability_half,test,0.0,0.67,,,False,False,harm,,,,200
reliability_half,test,0.0,0.67,,,False,False,containment,,,,200
reliability_half,test,0.0,0.67,,,False,False,benign_cost,,,,200
reliability_half,test,1.0,0.34,,,False,False,harm,,,,200
reliability_half,test,1.0,0.34,,,False,False,containment,,,,200
reliability_half,test,1.0,0.34,,,False,False,benign_cost,,,,200
reliability_half,test,1.0,0.67,,,False,False,harm,,,,200
reliability_half,test,1.0,0.67,,,False,False,containment,,,,200
reliability_half,test,1.0,0.67,,,False,False,benign_cost,,,,200
reliability_half,test,3.0,0.34,t8_l1,t20_l1,True,True,harm,0.25,0.1825,0.32375,200
reliability_half,test,3.0,0.34,t8_l1,t20_l1,True,True,containment,-0.03125,-0.04253125000000001,-0.02,200
reliability_half,test,3.0,0.34,t8_l1,t20_l1,True,True,benign_cost,-0.026666666666666665,-0.06166666666666666,0.008333333333333337,200
reliability_half,test,3.0,0.67,t8_l1,t20_l1,True,True,harm,0.25,0.1825,0.32375,200
reliability_half,test,3.0,0.67,t8_l1,t20_l1,True,True,containment,-0.03125,-0.04253125000000001,-0.02,200
reliability_half,test,3.0,0.67,t8_l1,t20_l1,True,True,benign_cost,-0.026666666666666665,-0.06166666666666666,0.008333333333333337,200
reliability_half,test,6.0,0.34,t8_l0,t20_l0,True,True,harm,0.22125,0.14871874999999998,0.3125,200
reliability_half,test,6.0,0.34,t8_l0,t20_l0,True,True,containment,-0.0625,-0.08,-0.045,200
reliability_half,test,6.0,0.34,t8_l0,t20_l0,True,True,benign_cost,-0.05499999999999999,-0.10833333333333332,0.003333333333333335,200
reliability_half,test,6.0,0.67,t5_l1,t12_l0,True,True,harm,0.25125,0.19246875000000002,0.315,200
reliability_half,test,6.0,0.67,t5_l1,t12_l0,True,True,containment,-0.08,-0.095,-0.06375,200
reliability_half,test,6.0,0.67,t5_l1,t12_l0,True,True,benign_cost,-0.16166666666666668,-0.40841666666666676,0.078375,200
reliability_half,test,12.0,0.34,t8_l0,t20_l0,True,True,harm,0.22125,0.14871874999999998,0.3125,200
reliability_half,test,12.0,0.34,t8_l0,t20_l0,True,True,containment,-0.0625,-0.08,-0.045,200
reliability_half,test,12.0,0.34,t8_l0,t20_l0,True,True,benign_cost,-0.05499999999999999,-0.10833333333333332,0.003333333333333335,200
reliability_half,test,12.0,0.67,t5_l0,t5_l0,True,True,harm,0.0,0.0,0.0,200
reliability_half,test,12.0,0.67,t5_l0,t5_l0,True,True,containment,0.0,0.0,0.0,200
reliability_half,test,12.0,0.67,t5_l0,t5_l0,True,True,benign_cost,1.5166666666666666,1.3649583333333335,1.6833750000000003,200
reliability_half,family_shift,0.0,0.34,,,False,False,harm,,,,200
reliability_half,family_shift,0.0,0.34,,,False,False,containment,,,,200
reliability_half,family_shift,0.0,0.34,,,False,False,benign_cost,,,,200
reliability_half,family_shift,0.0,0.67,,,False,False,harm,,,,200
reliability_half,family_shift,0.0,0.67,,,False,False,containment,,,,200
reliability_half,family_shift,0.0,0.67,,,False,False,benign_cost,,,,200
reliability_half,family_shift,1.0,0.34,,,False,False,harm,,,,200
reliability_half,family_shift,1.0,0.34,,,False,False,containment,,,,200
reliability_half,family_shift,1.0,0.34,,,False,False,benign_cost,,,,200
reliability_half,family_shift,1.0,0.67,,,False,False,harm,,,,200
reliability_half,family_shift,1.0,0.67,,,False,False,containment,,,,200
reliability_half,family_shift,1.0,0.67,,,False,False,benign_cost,,,,200
reliability_half,family_shift,3.0,0.34,t8_l1,t20_l1,True,False,harm,0.5725,0.40493750000000006,0.7476250000000001,200
reliability_half,family_shift,3.0,0.34,t8_l1,t20_l1,True,False,containment,-0.0525,-0.075,-0.0325,200
reliability_half,family_shift,3.0,0.34,t8_l1,t20_l1,True,False,benign_cost,-1.93,-2.1900625,-1.6799374999999999,200
reliability_half,family_shift,3.0,0.67,t8_l1,t20_l1,True,False,harm,0.5725,0.40493750000000006,0.7476250000000001,200
reliability_half,family_shift,3.0,0.67,t8_l1,t20_l1,True,False,containment,-0.0525,-0.075,-0.0325,200
reliability_half,family_shift,3.0,0.67,t8_l1,t20_l1,True,False,benign_cost,-1.93,-2.1900625,-1.6799374999999999,200
reliability_half,family_shift,6.0,0.34,t8_l0,t20_l0,True,False,harm,0.135,0.08,0.195,200
reliability_half,family_shift,6.0,0.34,t8_l0,t20_l0,True,False,containment,-0.0525,-0.07249999999999998,-0.0325,200
reliability_half,family_shift,6.0,0.34,t8_l0,t20_l0,True,False,benign_cost,-2.0175,-2.2900625000000003,-1.7450000000000003,200
reliability_half,family_shift,6.0,0.67,t5_l1,t12_l0,True,False,harm,0.525,0.42749999999999994,0.6250625000000001,200
reliability_half,family_shift,6.0,0.67,t5_l1,t12_l0,True,False,containment,-0.155,-0.1875,-0.12249999999999998,200
reliability_half,family_shift,6.0,0.67,t5_l1,t12_l0,True,False,benign_cost,-0.81,-1.1150625,-0.5125,200
reliability_half,family_shift,12.0,0.34,t8_l0,t20_l0,True,False,harm,0.135,0.08,0.195,200
reliability_half,family_shift,12.0,0.34,t8_l0,t20_l0,True,False,containment,-0.0525,-0.07249999999999998,-0.0325,200
reliability_half,family_shift,12.0,0.34,t8_l0,t20_l0,True,False,benign_cost,-2.0175,-2.2900625000000003,-1.7450000000000003,200
reliability_half,family_shift,12.0,0.67,t5_l0,t5_l0,True,False,harm,0.0,0.0,0.0,200
reliability_half,family_shift,12.0,0.67,t5_l0,t5_l0,True,False,containment,0.0,0.0,0.0,200
reliability_half,family_shift,12.0,0.67,t5_l0,t5_l0,True,False,benign_cost,1.485,1.3324375,1.6375,200
collateral_quarter,test,0.0,0.34,,,False,False,harm,,,,200
collateral_quarter,test,0.0,0.34,,,False,False,containment,,,,200
collateral_quarter,test,0.0,0.34,,,False,False,benign_cost,,,,200
collateral_quarter,test,0.0,0.67,,,False,False,harm,,,,200
collateral_quarter,test,0.0,0.67,,,False,False,containment,,,,200
collateral_quarter,test,0.0,0.67,,,False,False,benign_cost,,,,200
collateral_quarter,test,1.0,0.34,,,False,False,harm,,,,200
collateral_quarter,test,1.0,0.34,,,False,False,containment,,,,200
collateral_quarter,test,1.0,0.34,,,False,False,benign_cost,,,,200
collateral_quarter,test,1.0,0.67,,,False,False,harm,,,,200
collateral_quarter,test,1.0,0.67,,,False,False,containment,,,,200
collateral_quarter,test,1.0,0.67,,,False,False,benign_cost,,,,200
collateral_quarter,test,3.0,0.34,t8_l1,t20_l1,True,True,harm,0.25,0.1825,0.31625,200
collateral_quarter,test,3.0,0.34,t8_l1,t20_l1,True,True,containment,-0.03125,-0.04253125000000001,-0.02121875,200
collateral_quarter,test,3.0,0.34,t8_l1,t20_l1,True,True,benign_cost,-0.026666666666666665,-0.06,0.008333333333333335,200
collateral_quarter,test,3.0,0.67,t8_l1,t20_l1,True,True,harm,0.25,0.1825,0.31625,200
collateral_quarter,test,3.0,0.67,t8_l1,t20_l1,True,True,containment,-0.03125,-0.04253125000000001,-0.02121875,200
collateral_quarter,test,3.0,0.67,t8_l1,t20_l1,True,True,benign_cost,-0.026666666666666665,-0.06,0.008333333333333335,200
collateral_quarter,test,6.0,0.34,t8_l0,t20_l0,True,True,harm,0.22125,0.14246874999999998,0.30625,200
collateral_quarter,test,6.0,0.34,t8_l0,t20_l0,True,True,containment,-0.0625,-0.08125,-0.045,200
collateral_quarter,test,6.0,0.34,t8_l0,t20_l0,True,True,benign_cost,-0.05499999999999999,-0.108375,4.166666666666974e-05,200
collateral_quarter,test,6.0,0.67,t5_l1,t12_l0,True,True,harm,0.25125,0.1875,0.31875,200
collateral_quarter,test,6.0,0.67,t5_l1,t12_l0,True,True,containment,-0.08,-0.0975,-0.06375,200
collateral_quarter,test,6.0,0.67,t5_l1,t12_l0,True,True,benign_cost,-0.16166666666666668,-0.38833333333333336,0.07999999999999999,200
collateral_quarter,test,12.0,0.34,t8_l0,t20_l0,True,True,harm,0.22125,0.14246874999999998,0.30625,200
collateral_quarter,test,12.0,0.34,t8_l0,t20_l0,True,True,containment,-0.0625,-0.08125,-0.045,200
collateral_quarter,test,12.0,0.34,t8_l0,t20_l0,True,True,benign_cost,-0.05499999999999999,-0.108375,4.166666666666974e-05,200
collateral_quarter,test,12.0,0.67,t5_l0,t5_l0,True,True,harm,0.0,0.0,0.0,200
collateral_quarter,test,12.0,0.67,t5_l0,t5_l0,True,True,containment,0.0,0.0,0.0,200
collateral_quarter,test,12.0,0.67,t5_l0,t5_l0,True,True,benign_cost,1.5166666666666666,1.3566666666666665,1.668375,200
collateral_quarter,family_shift,0.0,0.34,,,False,False,harm,,,,200
collateral_quarter,family_shift,0.0,0.34,,,False,False,containment,,,,200
collateral_quarter,family_shift,0.0,0.34,,,False,False,benign_cost,,,,200
collateral_quarter,family_shift,0.0,0.67,,,False,False,harm,,,,200
collateral_quarter,family_shift,0.0,0.67,,,False,False,containment,,,,200
collateral_quarter,family_shift,0.0,0.67,,,False,False,benign_cost,,,,200
collateral_quarter,family_shift,1.0,0.34,,,False,False,harm,,,,200
collateral_quarter,family_shift,1.0,0.34,,,False,False,containment,,,,200
collateral_quarter,family_shift,1.0,0.34,,,False,False,benign_cost,,,,200
collateral_quarter,family_shift,1.0,0.67,,,False,False,harm,,,,200
collateral_quarter,family_shift,1.0,0.67,,,False,False,containment,,,,200
collateral_quarter,family_shift,1.0,0.67,,,False,False,benign_cost,,,,200
collateral_quarter,family_shift,3.0,0.34,t8_l1,t20_l1,True,False,harm,0.5725,0.4074375,0.7375625,200
collateral_quarter,family_shift,3.0,0.34,t8_l1,t20_l1,True,False,containment,-0.0525,-0.0725625,-0.0325,200
collateral_quarter,family_shift,3.0,0.34,t8_l1,t20_l1,True,False,benign_cost,-1.93,-2.1875,-1.6825000000000003,200
collateral_quarter,family_shift,3.0,0.67,t8_l1,t20_l1,True,False,harm,0.5725,0.4074375,0.7375625,200
collateral_quarter,family_shift,3.0,0.67,t8_l1,t20_l1,True,False,containment,-0.0525,-0.0725625,-0.0325,200
collateral_quarter,family_shift,3.0,0.67,t8_l1,t20_l1,True,False,benign_cost,-1.93,-2.1875,-1.6825000000000003,200
collateral_quarter,family_shift,6.0,0.34,t8_l0,t20_l0,True,False,harm,0.135,0.0825,0.1925,200
collateral_quarter,family_shift,6.0,0.34,t8_l0,t20_l0,True,False,containment,-0.0525,-0.075,-0.0325,200
collateral_quarter,family_shift,6.0,0.34,t8_l0,t20_l0,True,False,benign_cost,-2.0175,-2.2750624999999998,-1.7625,200
collateral_quarter,family_shift,6.0,0.67,t5_l1,t12_l0,True,False,harm,0.525,0.42749999999999994,0.6225,200
collateral_quarter,family_shift,6.0,0.67,t5_l1,t12_l0,True,False,containment,-0.155,-0.1875,-0.12493749999999999,200
collateral_quarter,family_shift,6.0,0.67,t5_l1,t12_l0,True,False,benign_cost,-0.81,-1.1025,-0.5075,200
collateral_quarter,family_shift,12.0,0.34,t8_l0,t20_l0,True,False,harm,0.135,0.0825,0.1925,200
collateral_quarter,family_shift,12.0,0.34,t8_l0,t20_l0,True,False,containment,-0.0525,-0.075,-0.0325,200
collateral_quarter,family_shift,12.0,0.34,t8_l0,t20_l0,True,False,benign_cost,-2.0175,-2.2750624999999998,-1.7625,200
collateral_quarter,family_shift,12.0,0.67,t5_l0,t5_l0,True,False,harm,0.0,0.0,0.0,200
collateral_quarter,family_shift,12.0,0.67,t5_l0,t5_l0,True,False,containment,0.0,0.0,0.0,200
collateral_quarter,family_shift,12.0,0.67,t5_l0,t5_l0,True,False,benign_cost,1.485,1.33,1.625,200
collateral_one,test,0.0,0.34,,,False,False,harm,,,,200
collateral_one,test,0.0,0.34,,,False,False,containment,,,,200
collateral_one,test,0.0,0.34,,,False,False,benign_cost,,,,200
collateral_one,test,0.0,0.67,,,False,False,harm,,,,200
collateral_one,test,0.0,0.67,,,False,False,containment,,,,200
collateral_one,test,0.0,0.67,,,False,False,benign_cost,,,,200
collateral_one,test,1.0,0.34,,,False,False,harm,,,,200
collateral_one,test,1.0,0.34,,,False,False,containment,,,,200
collateral_one,test,1.0,0.34,,,False,False,benign_cost,,,,200
collateral_one,test,1.0,0.67,,,False,False,harm,,,,200
collateral_one,test,1.0,0.67,,,False,False,containment,,,,200
collateral_one,test,1.0,0.67,,,False,False,benign_cost,,,,200
collateral_one,test,3.0,0.34,t8_l1,t20_l1,True,True,harm,0.25,0.1825,0.32378124999999996,200
collateral_one,test,3.0,0.34,t8_l1,t20_l1,True,True,containment,-0.03125,-0.04375,-0.02,200
collateral_one,test,3.0,0.34,t8_l1,t20_l1,True,True,benign_cost,-0.026666666666666665,-0.06166666666666666,0.008375000000000004,200
collateral_one,test,3.0,0.67,t8_l1,t20_l1,True,True,harm,0.25,0.1825,0.32378124999999996,200
collateral_one,test,3.0,0.67,t8_l1,t20_l1,True,True,containment,-0.03125,-0.04375,-0.02,200
collateral_one,test,3.0,0.67,t8_l1,t20_l1,True,True,benign_cost,-0.026666666666666665,-0.06166666666666666,0.008375000000000004,200
collateral_one,test,6.0,0.34,t8_l0,t20_l0,True,True,harm,0.22125,0.1425,0.3100625,200
collateral_one,test,6.0,0.34,t8_l0,t20_l0,True,True,containment,-0.0625,-0.08125,-0.04625,200
collateral_one,test,6.0,0.34,t8_l0,t20_l0,True,True,benign_cost,-0.05499999999999999,-0.10666666666666666,2.782496455466799e-18,200
collateral_one,test,6.0,0.67,t5_l1,t12_l0,True,True,harm,0.25125,0.1875,0.3225,200
collateral_one,test,6.0,0.67,t5_l1,t12_l0,True,True,containment,-0.08,-0.095,-0.06375,200
collateral_one,test,6.0,0.67,t5_l1,t12_l0,True,True,benign_cost,-0.16166666666666668,-0.40174999999999994,0.07833333333333332,200
collateral_one,test,12.0,0.34,t8_l0,t20_l0,True,True,harm,0.22125,0.1425,0.3100625,200
collateral_one,test,12.0,0.34,t8_l0,t20_l0,True,True,containment,-0.0625,-0.08125,-0.04625,200
collateral_one,test,12.0,0.34,t8_l0,t20_l0,True,True,benign_cost,-0.05499999999999999,-0.10666666666666666,2.782496455466799e-18,200
collateral_one,test,12.0,0.67,t5_l0,t5_l0,True,True,harm,0.0,0.0,0.0,200
collateral_one,test,12.0,0.67,t5_l0,t5_l0,True,True,containment,0.0,0.0,0.0,200
collateral_one,test,12.0,0.67,t5_l0,t5_l0,True,True,benign_cost,1.5166666666666666,1.3499583333333336,1.6817083333333334,200
collateral_one,family_shift,0.0,0.34,,,False,False,harm,,,,200
collateral_one,family_shift,0.0,0.34,,,False,False,containment,,,,200
collateral_one,family_shift,0.0,0.34,,,False,False,benign_cost,,,,200
collateral_one,family_shift,0.0,0.67,,,False,False,harm,,,,200
collateral_one,family_shift,0.0,0.67,,,False,False,containment,,,,200
collateral_one,family_shift,0.0,0.67,,,False,False,benign_cost,,,,200
collateral_one,family_shift,1.0,0.34,,,False,False,harm,,,,200
collateral_one,family_shift,1.0,0.34,,,False,False,containment,,,,200
collateral_one,family_shift,1.0,0.34,,,False,False,benign_cost,,,,200
collateral_one,family_shift,1.0,0.67,,,False,False,harm,,,,200
collateral_one,family_shift,1.0,0.67,,,False,False,containment,,,,200
collateral_one,family_shift,1.0,0.67,,,False,False,benign_cost,,,,200
collateral_one,family_shift,3.0,0.34,t8_l1,t20_l1,True,False,harm,0.5725,0.4149375,0.745,200
collateral_one,family_shift,3.0,0.34,t8_l1,t20_l1,True,False,containment,-0.0525,-0.075,-0.0325,200
collateral_one,family_shift,3.0,0.34,t8_l1,t20_l1,True,False,benign_cost,-1.93,-2.175,-1.6800000000000002,200
collateral_one,family_shift,3.0,0.67,t8_l1,t20_l1,True,False,harm,0.5725,0.4149375,0.745,200
collateral_one,family_shift,3.0,0.67,t8_l1,t20_l1,True,False,containment,-0.0525,-0.075,-0.0325,200
collateral_one,family_shift,3.0,0.67,t8_l1,t20_l1,True,False,benign_cost,-1.93,-2.175,-1.6800000000000002,200
collateral_one,family_shift,6.0,0.34,t8_l0,t20_l0,True,False,harm,0.135,0.08,0.195,200
collateral_one,family_shift,6.0,0.34,t8_l0,t20_l0,True,False,containment,-0.0525,-0.075,-0.0325,200
collateral_one,family_shift,6.0,0.34,t8_l0,t20_l0,True,False,benign_cost,-2.0175,-2.28,-1.7600000000000002,200
collateral_one,family_shift,6.0,0.67,t5_l1,t12_l0,True,False,harm,0.525,0.4299375,0.63,200
collateral_one,family_shift,6.0,0.67,t5_l1,t12_l0,True,False,containment,-0.155,-0.1875,-0.12249999999999998,200
collateral_one,family_shift,6.0,0.67,t5_l1,t12_l0,True,False,benign_cost,-0.81,-1.0900000000000003,-0.5224374999999999,200
collateral_one,family_shift,12.0,0.34,t8_l0,t20_l0,True,False,harm,0.135,0.08,0.195,200
collateral_one,family_shift,12.0,0.34,t8_l0,t20_l0,True,False,containment,-0.0525,-0.075,-0.0325,200
collateral_one,family_shift,12.0,0.34,t8_l0,t20_l0,True,False,benign_cost,-2.0175,-2.28,-1.7600000000000002,200
collateral_one,family_shift,12.0,0.67,t5_l0,t5_l0,True,False,harm,0.0,0.0,0.0,200
collateral_one,family_shift,12.0,0.67,t5_l0,t5_l0,True,False,containment,0.0,0.0,0.0,200
collateral_one,family_shift,12.0,0.67,t5_l0,t5_l0,True,False,benign_cost,1.485,1.3400000000000003,1.6275,200
background_empty,test,0.0,0.34,,,False,False,harm,,,,200
background_empty,test,0.0,0.34,,,False,False,containment,,,,200
background_empty,test,0.0,0.34,,,False,False,benign_cost,,,,200
background_empty,test,0.0,0.67,,,False,False,harm,,,,200
background_empty,test,0.0,0.67,,,False,False,containment,,,,200
background_empty,test,0.0,0.67,,,False,False,benign_cost,,,,200
background_empty,test,1.0,0.34,,,False,False,harm,,,,200
background_empty,test,1.0,0.34,,,False,False,containment,,,,200
background_empty,test,1.0,0.34,,,False,False,benign_cost,,,,200
background_empty,test,1.0,0.67,,,False,False,harm,,,,200
background_empty,test,1.0,0.67,,,False,False,containment,,,,200
background_empty,test,1.0,0.67,,,False,False,benign_cost,,,,200
background_empty,test,3.0,0.34,t12_l0,t20_l1,True,True,harm,0.59125,0.41121875,0.7837812499999999,200
background_empty,test,3.0,0.34,t12_l0,t20_l1,True,True,containment,-0.00625,-0.0125,-0.00125,200
background_empty,test,3.0,0.34,t12_l0,t20_l1,True,True,benign_cost,1.2883333333333333,1.175,1.3967083333333332,200
background_empty,test,3.0,0.67,t12_l0,t20_l1,True,True,harm,0.59125,0.41121875,0.7837812499999999,200
background_empty,test,3.0,0.67,t12_l0,t20_l1,True,True,containment,-0.00625,-0.0125,-0.00125,200
background_empty,test,3.0,0.67,t12_l0,t20_l1,True,True,benign_cost,1.2883333333333333,1.175,1.3967083333333332,200
background_empty,test,6.0,0.34,t8_l0,t20_l0,True,True,harm,0.91125,0.71371875,1.1125,200
background_empty,test,6.0,0.34,t8_l0,t20_l0,True,True,containment,-0.11,-0.13125,-0.09,200
background_empty,test,6.0,0.34,t8_l0,t20_l0,True,True,benign_cost,-0.10166666666666667,-0.165,-0.04162499999999999,200
background_empty,test,6.0,0.67,t5_l1,t12_l0,True,True,harm,0.5325,0.40871874999999996,0.6875,200
background_empty,test,6.0,0.67,t5_l1,t12_l0,True,True,containment,-0.115,-0.13625000000000004,-0.095,200
background_empty,test,6.0,0.67,t5_l1,t12_l0,True,True,benign_cost,-0.12833333333333333,-0.37345833333333334,0.10499999999999998,200
background_empty,test,12.0,0.34,t8_l0,t20_l0,True,True,harm,0.91125,0.71371875,1.1125,200
background_empty,test,12.0,0.34,t8_l0,t20_l0,True,True,containment,-0.11,-0.13125,-0.09,200
background_empty,test,12.0,0.34,t8_l0,t20_l0,True,True,benign_cost,-0.10166666666666667,-0.165,-0.04162499999999999,200
background_empty,test,12.0,0.67,t5_l0,t5_l0,True,True,harm,0.0,0.0,0.0,200
background_empty,test,12.0,0.67,t5_l0,t5_l0,True,True,containment,0.0,0.0,0.0,200
background_empty,test,12.0,0.67,t5_l0,t5_l0,True,True,benign_cost,1.4966666666666666,1.3416666666666666,1.6534166666666668,200
background_empty,family_shift,0.0,0.34,,,False,False,harm,,,,200
background_empty,family_shift,0.0,0.34,,,False,False,containment,,,,200
background_empty,family_shift,0.0,0.34,,,False,False,benign_cost,,,,200
background_empty,family_shift,0.0,0.67,,,False,False,harm,,,,200
background_empty,family_shift,0.0,0.67,,,False,False,containment,,,,200
background_empty,family_shift,0.0,0.67,,,False,False,benign_cost,,,,200
background_empty,family_shift,1.0,0.34,,,False,False,harm,,,,200
background_empty,family_shift,1.0,0.34,,,False,False,containment,,,,200
background_empty,family_shift,1.0,0.34,,,False,False,benign_cost,,,,200
background_empty,family_shift,1.0,0.67,,,False,False,harm,,,,200
background_empty,family_shift,1.0,0.67,,,False,False,containment,,,,200
background_empty,family_shift,1.0,0.67,,,False,False,benign_cost,,,,200
background_empty,family_shift,3.0,0.34,t12_l0,t20_l1,True,False,harm,0.32,0.1549375,0.485,200
background_empty,family_shift,3.0,0.34,t12_l0,t20_l1,True,False,containment,-0.0125,-0.0225625,-0.0025,200
background_empty,family_shift,3.0,0.34,t12_l0,t20_l1,True,False,benign_cost,2.405,2.1649374999999997,2.66,200
background_empty,family_shift,3.0,0.67,t12_l0,t20_l1,True,False,harm,0.32,0.1549375,0.485,200
background_empty,family_shift,3.0,0.67,t12_l0,t20_l1,True,False,containment,-0.0125,-0.0225625,-0.0025,200
background_empty,family_shift,3.0,0.67,t12_l0,t20_l1,True,False,benign_cost,2.405,2.1649374999999997,2.66,200
background_empty,family_shift,6.0,0.34,t8_l0,t20_l0,True,False,harm,0.255,0.175,0.3375,200
background_empty,family_shift,6.0,0.34,t8_l0,t20_l0,True,False,containment,-0.06,-0.085,-0.0375,200
background_empty,family_shift,6.0,0.34,t8_l0,t20_l0,True,False,benign_cost,-2.0175,-2.2900625000000003,-1.7675,200
background_empty,family_shift,6.0,0.67,t5_l1,t12_l0,True,False,harm,0.505,0.41,0.61,200
background_empty,family_shift,6.0,0.67,t5_l1,t12_l0,True,False,containment,-0.15,-0.1825,-0.11749999999999998,200
background_empty,family_shift,6.0,0.67,t5_l1,t12_l0,True,False,benign_cost,-0.81,-1.1200625000000002,-0.51,200
background_empty,family_shift,12.0,0.34,t8_l0,t20_l0,True,False,harm,0.255,0.175,0.3375,200
background_empty,family_shift,12.0,0.34,t8_l0,t20_l0,True,False,containment,-0.06,-0.085,-0.0375,200
background_empty,family_shift,12.0,0.34,t8_l0,t20_l0,True,False,benign_cost,-2.0175,-2.2900625000000003,-1.7675,200
background_empty,family_shift,12.0,0.67,t5_l0,t5_l0,True,False,harm,0.0,0.0,0.0,200
background_empty,family_shift,12.0,0.67,t5_l0,t5_l0,True,False,containment,0.0,0.0,0.0,200
background_empty,family_shift,12.0,0.67,t5_l0,t5_l0,True,False,benign_cost,1.485,1.33,1.64,200
recognition_half,test,0.0,0.34,,,False,False,harm,,,,200
recognition_half,test,0.0,0.34,,,False,False,containment,,,,200
recognition_half,test,0.0,0.34,,,False,False,benign_cost,,,,200
recognition_half,test,0.0,0.67,,,False,False,harm,,,,200
recognition_half,test,0.0,0.67,,,False,False,containment,,,,200
recognition_half,test,0.0,0.67,,,False,False,benign_cost,,,,200
recognition_half,test,1.0,0.34,,,False,False,harm,,,,200
recognition_half,test,1.0,0.34,,,False,False,containment,,,,200
recognition_half,test,1.0,0.34,,,False,False,benign_cost,,,,200
recognition_half,test,1.0,0.67,,,False,False,harm,,,,200
recognition_half,test,1.0,0.67,,,False,False,containment,,,,200
recognition_half,test,1.0,0.67,,,False,False,benign_cost,,,,200
recognition_half,test,3.0,0.34,t8_l0,t20_l1,True,True,harm,0.535,0.41,0.67753125,200
recognition_half,test,3.0,0.34,t8_l0,t20_l1,True,True,containment,-0.08,-0.10125000000000002,-0.06,200
recognition_half,test,3.0,0.34,t8_l0,t20_l1,True,True,benign_cost,0.135,0.031666666666666676,0.2316666666666667,200
recognition_half,test,3.0,0.67,t8_l0,t20_l1,True,True,harm,0.535,0.41,0.67753125,200
recognition_half,test,3.0,0.67,t8_l0,t20_l1,True,True,containment,-0.08,-0.10125000000000002,-0.06,200
recognition_half,test,3.0,0.67,t8_l0,t20_l1,True,True,benign_cost,0.135,0.031666666666666676,0.2316666666666667,200
recognition_half,test,6.0,0.34,t8_l0,t20_l0,True,True,harm,0.29875,0.19871875,0.4025,200
recognition_half,test,6.0,0.34,t8_l0,t20_l0,True,True,containment,-0.0625,-0.08125,-0.045,200
recognition_half,test,6.0,0.34,t8_l0,t20_l0,True,True,benign_cost,0.5866666666666667,0.45499999999999996,0.7216666666666667,200
recognition_half,test,6.0,0.67,t5_l1,t12_l0,True,True,harm,0.28875,0.2225,0.35625,200
recognition_half,test,6.0,0.67,t5_l1,t12_l0,True,True,containment,-0.08,-0.09625,-0.06375,200
recognition_half,test,6.0,0.67,t5_l1,t12_l0,True,True,benign_cost,-0.6,-0.8134166666666666,-0.39333333333333337,200
recognition_half,test,12.0,0.34,t8_l0,t20_l0,True,True,harm,0.29875,0.19871875,0.4025,200
recognition_half,test,12.0,0.34,t8_l0,t20_l0,True,True,containment,-0.0625,-0.08125,-0.045,200
recognition_half,test,12.0,0.34,t8_l0,t20_l0,True,True,benign_cost,0.5866666666666667,0.45499999999999996,0.7216666666666667,200
recognition_half,test,12.0,0.67,t5_l0,t5_l0,True,True,harm,0.0,0.0,0.0,200
recognition_half,test,12.0,0.67,t5_l0,t5_l0,True,True,containment,0.0,0.0,0.0,200
recognition_half,test,12.0,0.67,t5_l0,t5_l0,True,True,benign_cost,1.5566666666666666,1.4049583333333335,1.7150416666666668,200
recognition_half,family_shift,0.0,0.34,,,False,False,harm,,,,200
recognition_half,family_shift,0.0,0.34,,,False,False,containment,,,,200
recognition_half,family_shift,0.0,0.34,,,False,False,benign_cost,,,,200
recognition_half,family_shift,0.0,0.67,,,False,False,harm,,,,200
recognition_half,family_shift,0.0,0.67,,,False,False,containment,,,,200
recognition_half,family_shift,0.0,0.67,,,False,False,benign_cost,,,,200
recognition_half,family_shift,1.0,0.34,,,False,False,harm,,,,200
recognition_half,family_shift,1.0,0.34,,,False,False,containment,,,,200
recognition_half,family_shift,1.0,0.34,,,False,False,benign_cost,,,,200
recognition_half,family_shift,1.0,0.67,,,False,False,harm,,,,200
recognition_half,family_shift,1.0,0.67,,,False,False,containment,,,,200
recognition_half,family_shift,1.0,0.67,,,False,False,benign_cost,,,,200
recognition_half,family_shift,3.0,0.34,t8_l0,t20_l1,True,False,harm,0.3625,0.2425,0.4925625,200
recognition_half,family_shift,3.0,0.34,t8_l0,t20_l1,True,False,containment,-0.07,-0.0975,-0.045,200
recognition_half,family_shift,3.0,0.34,t8_l0,t20_l1,True,False,benign_cost,-2.93,-3.1925,-2.6800000000000006,200
recognition_half,family_shift,3.0,0.67,t8_l0,t20_l1,True,False,harm,0.3625,0.2425,0.4925625,200
recognition_half,family_shift,3.0,0.67,t8_l0,t20_l1,True,False,containment,-0.07,-0.0975,-0.045,200
recognition_half,family_shift,3.0,0.67,t8_l0,t20_l1,True,False,benign_cost,-2.93,-3.1925,-2.6800000000000006,200
recognition_half,family_shift,6.0,0.34,t8_l0,t20_l0,True,False,harm,0.1375,0.08493750000000001,0.195,200
recognition_half,family_shift,6.0,0.34,t8_l0,t20_l0,True,False,containment,-0.0525,-0.075,-0.0325,200
recognition_half,family_shift,6.0,0.34,t8_l0,t20_l0,True,False,benign_cost,-2.0175,-2.2775,-1.7424374999999999,200
recognition_half,family_shift,6.0,0.67,t5_l1,t12_l0,True,False,harm,0.53,0.4375,0.6375624999999999,200
recognition_half,family_shift,6.0,0.67,t5_l1,t12_l0,True,False,containment,-0.155,-0.1875,-0.12249999999999998,200
recognition_half,family_shift,6.0,0.67,t5_l1,t12_l0,True,False,benign_cost,-0.81,-1.1225,-0.5074374999999999,200
recognition_half,family_shift,12.0,0.34,t8_l0,t20_l0,True,False,harm,0.1375,0.08493750000000001,0.195,200
recognition_half,family_shift,12.0,0.34,t8_l0,t20_l0,True,False,containment,-0.0525,-0.075,-0.0325,200
recognition_half,family_shift,12.0,0.34,t8_l0,t20_l0,True,False,benign_cost,-2.0175,-2.2775,-1.7424374999999999,200
recognition_half,family_shift,12.0,0.67,t5_l0,t5_l0,True,False,harm,0.0,0.0,0.0,200
recognition_half,family_shift,12.0,0.67,t5_l0,t5_l0,True,False,containment,0.0,0.0,0.0,200
recognition_half,family_shift,12.0,0.67,t5_l0,t5_l0,True,False,benign_cost,1.485,1.3375,1.6325625000000001,200
patience_four,test,0.0,0.34,,,False,False,harm,,,,200
patience_four,test,0.0,0.34,,,False,False,containment,,,,200
patience_four,test,0.0,0.34,,,False,False,benign_cost,,,,200
patience_four,test,0.0,0.67,,,False,False,harm,,,,200
patience_four,test,0.0,0.67,,,False,False,containment,,,,200
patience_four,test,0.0,0.67,,,False,False,benign_cost,,,,200
patience_four,test,1.0,0.34,,,False,False,harm,,,,200
patience_four,test,1.0,0.34,,,False,False,containment,,,,200
patience_four,test,1.0,0.34,,,False,False,benign_cost,,,,200
patience_four,test,1.0,0.67,,,False,False,harm,,,,200
patience_four,test,1.0,0.67,,,False,False,containment,,,,200
patience_four,test,1.0,0.67,,,False,False,benign_cost,,,,200
patience_four,test,3.0,0.34,t8_l0,t20_l1,True,True,harm,0.37125,0.2575,0.49749999999999994,200
patience_four,test,3.0,0.34,t8_l0,t20_l1,True,True,containment,-0.0625,-0.08,-0.04375,200
patience_four,test,3.0,0.34,t8_l0,t20_l1,True,True,benign_cost,0.565,0.44662499999999994,0.6900416666666666,200
patience_four,test,3.0,0.67,t8_l0,t20_l1,True,True,harm,0.37125,0.2575,0.49749999999999994,200
patience_four,test,3.0,0.67,t8_l0,t20_l1,True,True,containment,-0.0625,-0.08,-0.04375,200
patience_four,test,3.0,0.67,t8_l0,t20_l1,True,True,benign_cost,0.565,0.44662499999999994,0.6900416666666666,200
patience_four,test,6.0,0.34,t8_l0,t20_l0,True,True,harm,0.36,0.2475,0.4875,200
patience_four,test,6.0,0.34,t8_l0,t20_l0,True,True,containment,-0.0625,-0.08,-0.045,200
patience_four,test,6.0,0.34,t8_l0,t20_l0,True,True,benign_cost,0.87,0.7283333333333333,1.0083333333333335,200
patience_four,test,6.0,0.67,t5_l1,t12_l0,True,True,harm,0.29625,0.23371875000000003,0.36503125000000003,200
patience_four,test,6.0,0.67,t5_l1,t12_l0,True,True,containment,-0.08,-0.09625,-0.06375,200
patience_four,test,6.0,0.67,t5_l1,t12_l0,True,True,benign_cost,-0.7983333333333333,-1.0067083333333335,-0.5999583333333333,200
patience_four,test,12.0,0.34,t8_l0,t20_l0,True,True,harm,0.36,0.2475,0.4875,200
patience_four,test,12.0,0.34,t8_l0,t20_l0,True,True,containment,-0.0625,-0.08,-0.045,200
patience_four,test,12.0,0.34,t8_l0,t20_l0,True,True,benign_cost,0.87,0.7283333333333333,1.0083333333333335,200
patience_four,test,12.0,0.67,t5_l0,t5_l0,True,True,harm,0.0,0.0,0.0,200
patience_four,test,12.0,0.67,t5_l0,t5_l0,True,True,containment,0.0,0.0,0.0,200
patience_four,test,12.0,0.67,t5_l0,t5_l0,True,True,benign_cost,1.57,1.411625,1.7367499999999996,200
patience_four,family_shift,0.0,0.34,,,False,False,harm,,,,200
patience_four,family_shift,0.0,0.34,,,False,False,containment,,,,200
patience_four,family_shift,0.0,0.34,,,False,False,benign_cost,,,,200
patience_four,family_shift,0.0,0.67,,,False,False,harm,,,,200
patience_four,family_shift,0.0,0.67,,,False,False,containment,,,,200
patience_four,family_shift,0.0,0.67,,,False,False,benign_cost,,,,200
patience_four,family_shift,1.0,0.34,,,False,False,harm,,,,200
patience_four,family_shift,1.0,0.34,,,False,False,containment,,,,200
patience_four,family_shift,1.0,0.34,,,False,False,benign_cost,,,,200
patience_four,family_shift,1.0,0.67,,,False,False,harm,,,,200
patience_four,family_shift,1.0,0.67,,,False,False,containment,,,,200
patience_four,family_shift,1.0,0.67,,,False,False,benign_cost,,,,200
patience_four,family_shift,3.0,0.34,t8_l0,t20_l1,True,False,harm,0.1375,0.0825,0.1950625,200
patience_four,family_shift,3.0,0.34,t8_l0,t20_l1,True,False,containment,-0.0525,-0.07249999999999998,-0.0325,200
patience_four,family_shift,3.0,0.34,t8_l0,t20_l1,True,False,benign_cost,-2.93,-3.1701249999999996,-2.6875,200
patience_four,family_shift,3.0,0.67,t8_l0,t20_l1,True,False,harm,0.1375,0.0825,0.1950625,200
patience_four,family_shift,3.0,0.67,t8_l0,t20_l1,True,False,containment,-0.0525,-0.07249999999999998,-0.0325,200
patience_four,family_shift,3.0,0.67,t8_l0,t20_l1,True,False,benign_cost,-2.93,-3.1701249999999996,-2.6875,200
patience_four,family_shift,6.0,0.34,t8_l0,t20_l0,True,False,harm,0.1375,0.0825,0.1975,200
patience_four,family_shift,6.0,0.34,t8_l0,t20_l0,True,False,containment,-0.0525,-0.075,-0.0325,200
patience_four,family_shift,6.0,0.34,t8_l0,t20_l0,True,False,benign_cost,-2.0175,-2.2750624999999998,-1.7549999999999997,200
patience_four,family_shift,6.0,0.67,t5_l1,t12_l0,True,False,harm,0.53,0.4325,0.635,200
patience_four,family_shift,6.0,0.67,t5_l1,t12_l0,True,False,containment,-0.155,-0.1875,-0.12249999999999998,200
patience_four,family_shift,6.0,0.67,t5_l1,t12_l0,True,False,benign_cost,-0.81,-1.1250624999999999,-0.52,200
patience_four,family_shift,12.0,0.34,t8_l0,t20_l0,True,False,harm,0.1375,0.0825,0.1975,200
patience_four,family_shift,12.0,0.34,t8_l0,t20_l0,True,False,containment,-0.0525,-0.075,-0.0325,200
patience_four,family_shift,12.0,0.34,t8_l0,t20_l0,True,False,benign_cost,-2.0175,-2.2750624999999998,-1.7549999999999997,200
patience_four,family_shift,12.0,0.67,t5_l0,t5_l0,True,False,harm,0.0,0.0,0.0,200
patience_four,family_shift,12.0,0.67,t5_l0,t5_l0,True,False,containment,0.0,0.0,0.0,200
patience_four,family_shift,12.0,0.67,t5_l0,t5_l0,True,False,benign_cost,1.485,1.3400000000000003,1.6324999999999998,200
avoidance_half,test,0.0,0.34,,,False,False,harm,,,,200
avoidance_half,test,0.0,0.34,,,False,False,containment,,,,200
avoidance_half,test,0.0,0.34,,,False,False,benign_cost,,,,200
avoidance_half,test,0.0,0.67,,,False,False,harm,,,,200
avoidance_half,test,0.0,0.67,,,False,False,containment,,,,200
avoidance_half,test,0.0,0.67,,,False,False,benign_cost,,,,200
avoidance_half,test,1.0,0.34,t12_l0,t1000_l0,True,True,harm,3.61125,3.3824999999999994,3.84875,200
avoidance_half,test,1.0,0.34,t12_l0,t1000_l0,True,True,containment,-0.14875,-0.17128125000000002,-0.12625,200
avoidance_half,test,1.0,0.34,t12_l0,t1000_l0,True,True,benign_cost,-0.06,-0.08666666666666664,-0.03333333333333334,200
avoidance_half,test,1.0,0.67,t12_l0,t1000_l0,True,True,harm,3.61125,3.3824999999999994,3.84875,200
avoidance_half,test,1.0,0.67,t12_l0,t1000_l0,True,True,containment,-0.14875,-0.17128125000000002,-0.12625,200
avoidance_half,test,1.0,0.67,t12_l0,t1000_l0,True,True,benign_cost,-0.06,-0.08666666666666664,-0.03333333333333334,200
avoidance_half,test,3.0,0.34,t8_l0,t20_l0,True,True,harm,0.265,0.17246874999999998,0.36878125,200
avoidance_half,test,3.0,0.34,t8_l0,t20_l0,True,True,containment,-0.05,-0.06625,-0.035,200
avoidance_half,test,3.0,0.34,t8_l0,t20_l0,True,True,benign_cost,-0.37166666666666665,-0.42000000000000004,-0.325,200
avoidance_half,test,3.0,0.67,t8_l0,t12_l1,True,True,harm,-0.02375,-0.035,-0.013750000000000002,200
avoidance_half,test,3.0,0.67,t8_l0,t12_l1,True,True,containment,0.0,0.0,0.0,200
avoidance_half,test,3.0,0.67,t8_l0,t12_l1,True,True,benign_cost,0.4083333333333333,0.26825000000000004,0.5500416666666668,200
avoidance_half,test,6.0,0.34,t8_l0,t20_l0,True,True,harm,0.265,0.17246874999999998,0.36878125,200
avoidance_half,test,6.0,0.34,t8_l0,t20_l0,True,True,containment,-0.05,-0.06625,-0.035,200
avoidance_half,test,6.0,0.34,t8_l0,t20_l0,True,True,benign_cost,-0.37166666666666665,-0.42000000000000004,-0.325,200
avoidance_half,test,6.0,0.67,t5_l0,t12_l0,True,False,harm,7.6225,7.38109375,7.877531250000001,200
avoidance_half,test,6.0,0.67,t5_l0,t12_l0,True,False,containment,-0.57,-0.5925,-0.5475,200
avoidance_half,test,6.0,0.67,t5_l0,t12_l0,True,False,benign_cost,-2.945,-3.1949999999999994,-2.6866250000000003,200
avoidance_half,test,12.0,0.34,t8_l0,t20_l0,True,True,harm,0.265,0.17246874999999998,0.36878125,200
avoidance_half,test,12.0,0.34,t8_l0,t20_l0,True,True,containment,-0.05,-0.06625,-0.035,200
avoidance_half,test,12.0,0.34,t8_l0,t20_l0,True,True,benign_cost,-0.37166666666666665,-0.42000000000000004,-0.325,200
avoidance_half,test,12.0,0.67,t5_l0,t5_l0,True,True,harm,0.0,0.0,0.0,200
avoidance_half,test,12.0,0.67,t5_l0,t5_l0,True,True,containment,0.0,0.0,0.0,200
avoidance_half,test,12.0,0.67,t5_l0,t5_l0,True,True,benign_cost,0.9533333333333334,0.8049583333333334,1.106666666666667,200
avoidance_half,family_shift,0.0,0.34,,,False,False,harm,,,,200
avoidance_half,family_shift,0.0,0.34,,,False,False,containment,,,,200
avoidance_half,family_shift,0.0,0.34,,,False,False,benign_cost,,,,200
avoidance_half,family_shift,0.0,0.67,,,False,False,harm,,,,200
avoidance_half,family_shift,0.0,0.67,,,False,False,containment,,,,200
avoidance_half,family_shift,0.0,0.67,,,False,False,benign_cost,,,,200
avoidance_half,family_shift,1.0,0.34,t12_l0,t1000_l0,True,False,harm,1.6375,1.4299374999999999,1.8575624999999998,200
avoidance_half,family_shift,1.0,0.34,t12_l0,t1000_l0,True,False,containment,-0.18,-0.215,-0.1475,200
avoidance_half,family_shift,1.0,0.34,t12_l0,t1000_l0,True,False,benign_cost,-3.3125,-3.35,-3.2725,200
avoidance_half,family_shift,1.0,0.67,t12_l0,t1000_l0,True,False,harm,1.6375,1.4299374999999999,1.8575624999999998,200
avoidance_half,family_shift,1.0,0.67,t12_l0,t1000_l0,True,False,containment,-0.18,-0.215,-0.1475,200
avoidance_half,family_shift,1.0,0.67,t12_l0,t1000_l0,True,False,benign_cost,-3.3125,-3.35,-3.2725,200
avoidance_half,family_shift,3.0,0.34,t8_l0,t20_l0,True,False,harm,0.1225,0.07,0.18,200
avoidance_half,family_shift,3.0,0.34,t8_l0,t20_l0,True,False,containment,-0.0425,-0.0625,-0.025,200
avoidance_half,family_shift,3.0,0.34,t8_l0,t20_l0,True,False,benign_cost,-5.05,-5.3925,-4.7325,200
avoidance_half,family_shift,3.0,0.67,t8_l0,t12_l1,True,False,harm,0.0,0.0,0.0,200
avoidance_half,family_shift,3.0,0.67,t8_l0,t12_l1,True,False,containment,0.0,0.0,0.0,200
avoidance_half,family_shift,3.0,0.67,t8_l0,t12_l1,True,False,benign_cost,-0.6525,-1.0351249999999999,-0.27487500000000004,200
avoidance_half,family_shift,6.0,0.34,t8_l0,t20_l0,True,False,harm,0.1225,0.07,0.18,200
avoidance_half,family_shift,6.0,0.34,t8_l0,t20_l0,True,False,containment,-0.0425,-0.0625,-0.025,200
avoidance_half,family_shift,6.0,0.34,t8_l0,t20_l0,True,False,benign_cost,-5.05,-5.3925,-4.7325,200
avoidance_half,family_shift,6.0,0.67,t5_l0,t12_l0,True,False,harm,1.1225,0.9975000000000002,1.2425624999999998,200
avoidance_half,family_shift,6.0,0.67,t5_l0,t12_l0,True,False,containment,-0.31,-0.3425,-0.2775,200
avoidance_half,family_shift,6.0,0.67,t5_l0,t12_l0,True,False,benign_cost,-4.3375,-4.7400625000000005,-3.9424374999999996,200
avoidance_half,family_shift,12.0,0.34,t8_l0,t20_l0,True,False,harm,0.1225,0.07,0.18,200
avoidance_half,family_shift,12.0,0.34,t8_l0,t20_l0,True,False,containment,-0.0425,-0.0625,-0.025,200
avoidance_half,family_shift,12.0,0.34,t8_l0,t20_l0,True,False,benign_cost,-5.05,-5.3925,-4.7325,200
avoidance_half,family_shift,12.0,0.67,t5_l0,t5_l0,True,False,harm,0.0,0.0,0.0,200
avoidance_half,family_shift,12.0,0.67,t5_l0,t5_l0,True,False,containment,0.0,0.0,0.0,200
avoidance_half,family_shift,12.0,0.67,t5_l0,t5_l0,True,False,benign_cost,0.83,0.675,0.9875,200
avoidance_all,test,0.0,0.34,t12_l0,t12_l0,True,True,harm,0.0,0.0,0.0,200
avoidance_all,test,0.0,0.34,t12_l0,t12_l0,True,True,containment,0.0,0.0,0.0,200
avoidance_all,test,0.0,0.34,t12_l0,t12_l0,True,True,benign_cost,0.0,0.0,0.0,200
avoidance_all,test,0.0,0.67,t12_l0,t12_l0,True,True,harm,0.0,0.0,0.0,200
avoidance_all,test,0.0,0.67,t12_l0,t12_l0,True,True,containment,0.0,0.0,0.0,200
avoidance_all,test,0.0,0.67,t12_l0,t12_l0,True,True,benign_cost,0.0,0.0,0.0,200
avoidance_all,test,1.0,0.34,t12_l0,t12_l0,True,True,harm,0.0,0.0,0.0,200
avoidance_all,test,1.0,0.34,t12_l0,t12_l0,True,True,containment,0.0,0.0,0.0,200
avoidance_all,test,1.0,0.34,t12_l0,t12_l0,True,True,benign_cost,0.0,0.0,0.0,200
avoidance_all,test,1.0,0.67,t12_l0,t12_l0,True,True,harm,0.0,0.0,0.0,200
avoidance_all,test,1.0,0.67,t12_l0,t12_l0,True,True,containment,0.0,0.0,0.0,200
avoidance_all,test,1.0,0.67,t12_l0,t12_l0,True,True,benign_cost,0.0,0.0,0.0,200
avoidance_all,test,3.0,0.34,t12_l0,t12_l0,True,True,harm,0.0,0.0,0.0,200
avoidance_all,test,3.0,0.34,t12_l0,t12_l0,True,True,containment,0.0,0.0,0.0,200
avoidance_all,test,3.0,0.34,t12_l0,t12_l0,True,True,benign_cost,0.0,0.0,0.0,200
avoidance_all,test,3.0,0.67,t12_l0,t12_l0,True,True,harm,0.0,0.0,0.0,200
avoidance_all,test,3.0,0.67,t12_l0,t12_l0,True,True,containment,0.0,0.0,0.0,200
avoidance_all,test,3.0,0.67,t12_l0,t12_l0,True,True,benign_cost,0.0,0.0,0.0,200
avoidance_all,test,6.0,0.34,t12_l0,t12_l0,True,True,harm,0.0,0.0,0.0,200
avoidance_all,test,6.0,0.34,t12_l0,t12_l0,True,True,containment,0.0,0.0,0.0,200
avoidance_all,test,6.0,0.34,t12_l0,t12_l0,True,True,benign_cost,0.0,0.0,0.0,200
avoidance_all,test,6.0,0.67,t5_l0,t5_l0,True,True,harm,0.0,0.0,0.0,200
avoidance_all,test,6.0,0.67,t5_l0,t5_l0,True,True,containment,0.0,0.0,0.0,200
avoidance_all,test,6.0,0.67,t5_l0,t5_l0,True,True,benign_cost,0.0,0.0,0.0,200
avoidance_all,test,12.0,0.34,t12_l0,t12_l0,True,True,harm,0.0,0.0,0.0,200
avoidance_all,test,12.0,0.34,t12_l0,t12_l0,True,True,containment,0.0,0.0,0.0,200
avoidance_all,test,12.0,0.34,t12_l0,t12_l0,True,True,benign_cost,0.0,0.0,0.0,200
avoidance_all,test,12.0,0.67,t5_l0,t5_l0,True,True,harm,0.0,0.0,0.0,200
avoidance_all,test,12.0,0.67,t5_l0,t5_l0,True,True,containment,0.0,0.0,0.0,200
avoidance_all,test,12.0,0.67,t5_l0,t5_l0,True,True,benign_cost,0.0,0.0,0.0,200
avoidance_all,family_shift,0.0,0.34,t12_l0,t12_l0,True,False,harm,0.0,0.0,0.0,200
avoidance_all,family_shift,0.0,0.34,t12_l0,t12_l0,True,False,containment,0.0,0.0,0.0,200
avoidance_all,family_shift,0.0,0.34,t12_l0,t12_l0,True,False,benign_cost,0.0,0.0,0.0,200
avoidance_all,family_shift,0.0,0.67,t12_l0,t12_l0,True,False,harm,0.0,0.0,0.0,200
avoidance_all,family_shift,0.0,0.67,t12_l0,t12_l0,True,False,containment,0.0,0.0,0.0,200
avoidance_all,family_shift,0.0,0.67,t12_l0,t12_l0,True,False,benign_cost,0.0,0.0,0.0,200
avoidance_all,family_shift,1.0,0.34,t12_l0,t12_l0,True,False,harm,0.0,0.0,0.0,200
avoidance_all,family_shift,1.0,0.34,t12_l0,t12_l0,True,False,containment,0.0,0.0,0.0,200
avoidance_all,family_shift,1.0,0.34,t12_l0,t12_l0,True,False,benign_cost,0.0,0.0,0.0,200
avoidance_all,family_shift,1.0,0.67,t12_l0,t12_l0,True,False,harm,0.0,0.0,0.0,200
avoidance_all,family_shift,1.0,0.67,t12_l0,t12_l0,True,False,containment,0.0,0.0,0.0,200
avoidance_all,family_shift,1.0,0.67,t12_l0,t12_l0,True,False,benign_cost,0.0,0.0,0.0,200
avoidance_all,family_shift,3.0,0.34,t12_l0,t12_l0,True,False,harm,0.0,0.0,0.0,200
avoidance_all,family_shift,3.0,0.34,t12_l0,t12_l0,True,False,containment,0.0,0.0,0.0,200
avoidance_all,family_shift,3.0,0.34,t12_l0,t12_l0,True,False,benign_cost,0.0,0.0,0.0,200
avoidance_all,family_shift,3.0,0.67,t12_l0,t12_l0,True,False,harm,0.0,0.0,0.0,200
avoidance_all,family_shift,3.0,0.67,t12_l0,t12_l0,True,False,containment,0.0,0.0,0.0,200
avoidance_all,family_shift,3.0,0.67,t12_l0,t12_l0,True,False,benign_cost,0.0,0.0,0.0,200
avoidance_all,family_shift,6.0,0.34,t12_l0,t12_l0,True,False,harm,0.0,0.0,0.0,200
avoidance_all,family_shift,6.0,0.34,t12_l0,t12_l0,True,False,containment,0.0,0.0,0.0,200
avoidance_all,family_shift,6.0,0.34,t12_l0,t12_l0,True,False,benign_cost,0.0,0.0,0.0,200
avoidance_all,family_shift,6.0,0.67,t5_l0,t5_l0,True,False,harm,0.0,0.0,0.0,200
avoidance_all,family_shift,6.0,0.67,t5_l0,t5_l0,True,False,containment,0.0,0.0,0.0,200
avoidance_all,family_shift,6.0,0.67,t5_l0,t5_l0,True,False,benign_cost,0.0,0.0,0.0,200
avoidance_all,family_shift,12.0,0.34,t12_l0,t12_l0,True,False,harm,0.0,0.0,0.0,200
avoidance_all,family_shift,12.0,0.34,t12_l0,t12_l0,True,False,containment,0.0,0.0,0.0,200
avoidance_all,family_shift,12.0,0.34,t12_l0,t12_l0,True,False,benign_cost,0.0,0.0,0.0,200
avoidance_all,family_shift,12.0,0.67,t5_l0,t5_l0,True,False,harm,0.0,0.0,0.0,200
avoidance_all,family_shift,12.0,0.67,t5_l0,t5_l0,True,False,containment,0.0,0.0,0.0,200
avoidance_all,family_shift,12.0,0.67,t5_l0,t5_l0,True,False,benign_cost,0.0,0.0,0.0,200
adaptive_avoidance,test,0.0,0.34,,,False,False,harm,,,,200
adaptive_avoidance,test,0.0,0.34,,,False,False,containment,,,,200
adaptive_avoidance,test,0.0,0.34,,,False,False,benign_cost,,,,200
adaptive_avoidance,test,0.0,0.67,,,False,False,harm,,,,200
adaptive_avoidance,test,0.0,0.67,,,False,False,containment,,,,200
adaptive_avoidance,test,0.0,0.67,,,False,False,benign_cost,,,,200
adaptive_avoidance,test,1.0,0.34,t12_l0,t1000_l0,True,True,harm,5.62,5.41625,5.82125,200
adaptive_avoidance,test,1.0,0.34,t12_l0,t1000_l0,True,True,containment,-0.27625,-0.3025,-0.25125,200
adaptive_avoidance,test,1.0,0.34,t12_l0,t1000_l0,True,True,benign_cost,0.0,0.0,0.0,200
adaptive_avoidance,test,1.0,0.67,t12_l0,t1000_l0,True,True,harm,5.62,5.41625,5.82125,200
adaptive_avoidance,test,1.0,0.67,t12_l0,t1000_l0,True,True,containment,-0.27625,-0.3025,-0.25125,200
adaptive_avoidance,test,1.0,0.67,t12_l0,t1000_l0,True,True,benign_cost,0.0,0.0,0.0,200
adaptive_avoidance,test,3.0,0.34,t8_l0,t20_l0,True,True,harm,0.22125,0.14625,0.31253125000000004,200
adaptive_avoidance,test,3.0,0.34,t8_l0,t20_l0,True,True,containment,-0.0625,-0.08125,-0.045,200
adaptive_avoidance,test,3.0,0.34,t8_l0,t20_l0,True,True,benign_cost,-0.15666666666666665,-0.19333333333333333,-0.12,200
adaptive_avoidance,test,3.0,0.67,t8_l0,t20_l0,True,True,harm,0.22125,0.14625,0.31253125000000004,200
adaptive_avoidance,test,3.0,0.67,t8_l0,t20_l0,True,True,containment,-0.0625,-0.08125,-0.045,200
adaptive_avoidance,test,3.0,0.67,t8_l0,t20_l0,True,True,benign_cost,-0.15666666666666665,-0.19333333333333333,-0.12,200
adaptive_avoidance,test,6.0,0.34,t8_l0,t20_l0,True,True,harm,0.22125,0.14625,0.31253125000000004,200
adaptive_avoidance,test,6.0,0.34,t8_l0,t20_l0,True,True,containment,-0.0625,-0.08125,-0.045,200
adaptive_avoidance,test,6.0,0.34,t8_l0,t20_l0,True,True,benign_cost,-0.15666666666666665,-0.19333333333333333,-0.12,200
adaptive_avoidance,test,6.0,0.67,t5_l1,t12_l0,True,True,harm,0.25125,0.18871875,0.3175,200
adaptive_avoidance,test,6.0,0.67,t5_l1,t12_l0,True,True,containment,-0.08,-0.09625,-0.065,200
adaptive_avoidance,test,6.0,0.67,t5_l1,t12_l0,True,True,benign_cost,0.05333333333333334,-0.20837500000000006,0.32004166666666667,200
adaptive_avoidance,test,12.0,0.34,t8_l0,t20_l0,True,True,harm,0.22125,0.14625,0.31253125000000004,200
adaptive_avoidance,test,12.0,0.34,t8_l0,t20_l0,True,True,containment,-0.0625,-0.08125,-0.045,200
adaptive_avoidance,test,12.0,0.34,t8_l0,t20_l0,True,True,benign_cost,-0.15666666666666665,-0.19333333333333333,-0.12,200
adaptive_avoidance,test,12.0,0.67,t5_l0,t5_l0,True,True,harm,0.0,0.0,0.0,200
adaptive_avoidance,test,12.0,0.67,t5_l0,t5_l0,True,True,containment,0.0,0.0,0.0,200
adaptive_avoidance,test,12.0,0.67,t5_l0,t5_l0,True,True,benign_cost,1.5316666666666667,1.3733333333333335,1.6933333333333334,200
adaptive_avoidance,family_shift,0.0,0.34,,,False,False,harm,,,,200
adaptive_avoidance,family_shift,0.0,0.34,,,False,False,containment,,,,200
adaptive_avoidance,family_shift,0.0,0.34,,,False,False,benign_cost,,,,200
adaptive_avoidance,family_shift,0.0,0.67,,,False,False,harm,,,,200
adaptive_avoidance,family_shift,0.0,0.67,,,False,False,containment,,,,200
adaptive_avoidance,family_shift,0.0,0.67,,,False,False,benign_cost,,,,200
adaptive_avoidance,family_shift,1.0,0.34,t12_l0,t1000_l0,True,False,harm,1.9925,1.725,2.2675,200
adaptive_avoidance,family_shift,1.0,0.34,t12_l0,t1000_l0,True,False,containment,-0.2925,-0.3275,-0.2575,200
adaptive_avoidance,family_shift,1.0,0.34,t12_l0,t1000_l0,True,False,benign_cost,-3.42,-3.4449999999999994,-3.3899999999999997,200
adaptive_avoidance,family_shift,1.0,0.67,t12_l0,t1000_l0,True,False,harm,1.9925,1.725,2.2675,200
adaptive_avoidance,family_shift,1.0,0.67,t12_l0,t1000_l0,True,False,containment,-0.2925,-0.3275,-0.2575,200
adaptive_avoidance,family_shift,1.0,0.67,t12_l0,t1000_l0,True,False,benign_cost,-3.42,-3.4449999999999994,-3.3899999999999997,200
adaptive_avoidance,family_shift,3.0,0.34,t8_l0,t20_l0,True,False,harm,0.135,0.08,0.19256250000000003,200
adaptive_avoidance,family_shift,3.0,0.34,t8_l0,t20_l0,True,False,containment,-0.0525,-0.075,-0.0325,200
adaptive_avoidance,family_shift,3.0,0.34,t8_l0,t20_l0,True,False,benign_cost,-2.04,-2.3,-1.7749374999999996,200
adaptive_avoidance,family_shift,3.0,0.67,t8_l0,t20_l0,True,False,harm,0.135,0.08,0.19256250000000003,200
adaptive_avoidance,family_shift,3.0,0.67,t8_l0,t20_l0,True,False,containment,-0.0525,-0.075,-0.0325,200
adaptive_avoidance,family_shift,3.0,0.67,t8_l0,t20_l0,True,False,benign_cost,-2.04,-2.3,-1.7749374999999996,200
adaptive_avoidance,family_shift,6.0,0.34,t8_l0,t20_l0,True,False,harm,0.135,0.08,0.19256250000000003,200
adaptive_avoidance,family_shift,6.0,0.34,t8_l0,t20_l0,True,False,containment,-0.0525,-0.075,-0.0325,200
adaptive_avoidance,family_shift,6.0,0.34,t8_l0,t20_l0,True,False,benign_cost,-2.04,-2.3,-1.7749374999999996,200
adaptive_avoidance,family_shift,6.0,0.67,t5_l1,t12_l0,True,False,harm,0.525,0.4225,0.6275,200
adaptive_avoidance,family_shift,6.0,0.67,t5_l1,t12_l0,True,False,containment,-0.155,-0.1875,-0.12249999999999998,200
adaptive_avoidance,family_shift,6.0,0.67,t5_l1,t12_l0,True,False,benign_cost,-0.81,-1.1125625000000001,-0.5075,200
adaptive_avoidance,family_shift,12.0,0.34,t8_l0,t20_l0,True,False,harm,0.135,0.08,0.19256250000000003,200
adaptive_avoidance,family_shift,12.0,0.34,t8_l0,t20_l0,True,False,containment,-0.0525,-0.075,-0.0325,200
adaptive_avoidance,family_shift,12.0,0.34,t8_l0,t20_l0,True,False,benign_cost,-2.04,-2.3,-1.7749374999999996,200
adaptive_avoidance,family_shift,12.0,0.67,t5_l0,t5_l0,True,False,harm,0.0,0.0,0.0,200
adaptive_avoidance,family_shift,12.0,0.67,t5_l0,t5_l0,True,False,containment,0.0,0.0,0.0,200
adaptive_avoidance,family_shift,12.0,0.67,t5_l0,t5_l0,True,False,benign_cost,1.485,1.3399375,1.6250624999999999,200
combined,test,0.0,0.34,,,False,False,harm,,,,200
combined,test,0.0,0.34,,,False,False,containment,,,,200
combined,test,0.0,0.34,,,False,False,benign_cost,,,,200
combined,test,0.0,0.67,,,False,False,harm,,,,200
combined,test,0.0,0.67,,,False,False,containment,,,,200
combined,test,0.0,0.67,,,False,False,benign_cost,,,,200
combined,test,1.0,0.34,t12_l0,t1000_l0,True,True,harm,5.21125,4.83,5.5925625000000005,200
combined,test,1.0,0.34,t12_l0,t1000_l0,True,True,containment,-0.19,-0.21875,-0.1625,200
combined,test,1.0,0.34,t12_l0,t1000_l0,True,True,benign_cost,-0.003333333333333333,-0.01,0.0,200
combined,test,1.0,0.67,t12_l0,t1000_l0,True,True,harm,5.21125,4.83,5.5925625000000005,200
combined,test,1.0,0.67,t12_l0,t1000_l0,True,True,containment,-0.19,-0.21875,-0.1625,200
combined,test,1.0,0.67,t12_l0,t1000_l0,True,True,benign_cost,-0.003333333333333333,-0.01,0.0,200
combined,test,3.0,0.34,t8_l0,t20_l0,True,True,harm,1.405,1.13871875,1.6825625000000002,200
combined,test,3.0,0.34,t8_l0,t20_l0,True,True,containment,-0.13875,-0.1625,-0.11625,200
combined,test,3.0,0.34,t8_l0,t20_l0,True,True,benign_cost,-0.06499999999999999,-0.2033333333333333,0.08333333333333334,200
combined,test,3.0,0.67,t8_l0,t12_l0,True,False,harm,0.675,0.46624999999999994,0.91503125,200
combined,test,3.0,0.67,t8_l0,t12_l0,True,False,containment,-0.07125,-0.09,-0.05500000000000001,200
combined,test,3.0,0.67,t8_l0,t12_l0,True,False,benign_cost,1.2833333333333334,1.065,1.4867083333333333,200
combined,test,6.0,0.34,t8_l0,t20_l0,True,True,harm,1.405,1.13871875,1.6825625000000002,200
combined,test,6.0,0.34,t8_l0,t20_l0,True,True,containment,-0.13875,-0.1625,-0.11625,200
combined,test,6.0,0.34,t8_l0,t20_l0,True,True,benign_cost,-0.06499999999999999,-0.2033333333333333,0.08333333333333334,200
combined,test,6.0,0.67,t5_l0,t5_l1,True,False,harm,5.24625,4.8760625,5.595062499999999,200
combined,test,6.0,0.67,t5_l0,t5_l1,True,False,containment,-0.3425,-0.365,-0.32,200
combined,test,6.0,0.67,t5_l0,t5_l1,True,False,benign_cost,0.2866666666666667,0.14666666666666667,0.44008333333333327,200
combined,test,12.0,0.34,t8_l0,t20_l0,True,True,harm,1.405,1.13871875,1.6825625000000002,200
combined,test,12.0,0.34,t8_l0,t20_l0,True,True,containment,-0.13875,-0.1625,-0.11625,200
combined,test,12.0,0.34,t8_l0,t20_l0,True,True,benign_cost,-0.06499999999999999,-0.2033333333333333,0.08333333333333334,200
combined,test,12.0,0.67,t5_l0,t5_l0,True,True,harm,0.0,0.0,0.0,200
combined,test,12.0,0.67,t5_l0,t5_l0,True,True,containment,0.0,0.0,0.0,200
combined,test,12.0,0.67,t5_l0,t5_l0,True,True,benign_cost,0.9666666666666667,0.8216666666666667,1.125,200
combined,family_shift,0.0,0.34,,,False,False,harm,,,,200
combined,family_shift,0.0,0.34,,,False,False,containment,,,,200
combined,family_shift,0.0,0.34,,,False,False,benign_cost,,,,200
combined,family_shift,0.0,0.67,,,False,False,harm,,,,200
combined,family_shift,0.0,0.67,,,False,False,containment,,,,200
combined,family_shift,0.0,0.67,,,False,False,benign_cost,,,,200
combined,family_shift,1.0,0.34,t12_l0,t1000_l0,True,False,harm,1.7125,1.457375,1.9800625,200
combined,family_shift,1.0,0.34,t12_l0,t1000_l0,True,False,containment,-0.2225,-0.2625,-0.1849375,200
combined,family_shift,1.0,0.34,t12_l0,t1000_l0,True,False,benign_cost,-3.375,-3.4075,-3.34,200
combined,family_shift,1.0,0.67,t12_l0,t1000_l0,True,False,harm,1.7125,1.457375,1.9800625,200
combined,family_shift,1.0,0.67,t12_l0,t1000_l0,True,False,containment,-0.2225,-0.2625,-0.1849375,200
combined,family_shift,1.0,0.67,t12_l0,t1000_l0,True,False,benign_cost,-3.375,-3.4075,-3.34,200
combined,family_shift,3.0,0.34,t8_l0,t20_l0,True,False,harm,0.2375,0.165,0.31,200
combined,family_shift,3.0,0.34,t8_l0,t20_l0,True,False,containment,-0.0775,-0.1025,-0.052500000000000005,200
combined,family_shift,3.0,0.34,t8_l0,t20_l0,True,False,benign_cost,-5.2125,-5.570062500000001,-4.865,200
combined,family_shift,3.0,0.67,t8_l0,t12_l0,True,False,harm,0.0475,0.0,0.1,200
combined,family_shift,3.0,0.67,t8_l0,t12_l0,True,False,containment,-0.0275,-0.045,-0.0125,200
combined,family_shift,3.0,0.67,t8_l0,t12_l0,True,False,benign_cost,0.2875,-0.0975,0.665,200
combined,family_shift,6.0,0.34,t8_l0,t20_l0,True,False,harm,0.2375,0.165,0.31,200
combined,family_shift,6.0,0.34,t8_l0,t20_l0,True,False,containment,-0.0775,-0.1025,-0.052500000000000005,200
combined,family_shift,6.0,0.34,t8_l0,t20_l0,True,False,benign_cost,-5.2125,-5.570062500000001,-4.865,200
combined,family_shift,6.0,0.67,t5_l0,t5_l1,True,False,harm,0.0,0.0,0.0,200
combined,family_shift,6.0,0.67,t5_l0,t5_l1,True,False,containment,0.0,0.0,0.0,200
combined,family_shift,6.0,0.67,t5_l0,t5_l1,True,False,benign_cost,-0.155,-0.3075,0.0,200
combined,family_shift,12.0,0.34,t8_l0,t20_l0,True,False,harm,0.2375,0.165,0.31,200
combined,family_shift,12.0,0.34,t8_l0,t20_l0,True,False,containment,-0.0775,-0.1025,-0.052500000000000005,200
combined,family_shift,12.0,0.34,t8_l0,t20_l0,True,False,benign_cost,-5.2125,-5.570062500000001,-4.865,200
combined,family_shift,12.0,0.67,t5_l0,t5_l0,True,False,harm,0.0,0.0,0.0,200
combined,family_shift,12.0,0.67,t5_l0,t5_l0,True,False,containment,0.0,0.0,0.0,200
combined,family_shift,12.0,0.67,t5_l0,t5_l0,True,False,benign_cost,0.83,0.6774375,0.9875,200
